ntaname,prediction_time,prob_active_noise_next_2h,prob_active_complaints_next_2h,prob_high_traffic_volume_next_2h,prob_active_subway_ridership_next_2h,prob_active_subway_transfers_next_2h,crime_last_7d,crashes_last_7d,persons_injured_last_7d,pedestrians_injured_last_7d,cyclists_injured_last_7d,noise_last_24h,complaints_last_24h,subway_ridership_last_24h,traffic_volume_last_24h,temp_f,precip_prob,wind_mph,weather_main,hour,day_of_week,is_weekend
Allerton,2026-06-03 01:00:00,0.14872799513763624,0.09511003220936201,0.0,8.045574231535826e-05,0.0005358028758276666,53.0,0.0,0.0,0.0,0.0,5.0,27.0,3315.0,0.0,63.61,0,3.67,Clouds,1,2,0
Murray Hill-Kips Bay,2026-06-03 01:00:00,0.2774271992926223,0.18361975173704387,0.0,0.0,0.0,33.0,0.0,0.0,0.0,0.0,26.0,89.0,0.0,0.0,65.1,0,5.37,Clouds,1,2,0
New Dorp-Midland Beach,2026-06-03 01:00:00,0.1668100948225117,0.11446635097057922,0.0,0.0,0.0,24.0,0.0,0.0,0.0,0.0,11.0,47.0,0.0,0.0,63.61,0,7.63,Clouds,1,2,0
New Springville-Willowbrook-Bulls Head-Travis,2026-06-03 01:00:00,0.1600845570051826,0.09242411147821247,0.0,0.0,0.0,25.0,0.0,0.0,0.0,0.0,5.0,35.0,0.0,0.0,63.61,0,5.88,Clouds,1,2,0
North Corona,2026-06-03 01:00:00,0.15429266510376155,0.08589896846341141,0.0,8.045574231535826e-05,0.0005358028758276666,36.0,0.0,0.0,0.0,0.0,6.0,28.0,11115.0,0.0,64.63,0,5.59,Clouds,1,2,0
Norwood,2026-06-03 01:00:00,0.21658605338285833,0.10159257113407869,0.0,0.00016445071404615018,0.003260745703052459,79.0,0.0,0.0,0.0,0.0,16.0,64.0,11698.0,0.0,63.68,0,3.22,Clouds,1,2,0
Oakland Gardens-Hollis Hills,2026-06-03 01:00:00,0.1553925282123781,0.05098199111437407,0.0,0.0,0.0,4.0,0.0,0.0,0.0,0.0,0.0,8.0,0.0,0.0,62.11,0,5.79,Clear,1,2,0
Oakwood-Richmondtown,2026-06-03 01:00:00,0.14322689792435245,0.07181703555321203,0.0,0.0,0.0,8.0,0.0,0.0,0.0,0.0,2.0,26.0,0.0,0.0,63.64,0,7.63,Clouds,1,2,0
Ocean Hill,2026-06-03 01:00:00,0.24118962145021566,0.09579672560133905,0.24599122772777934,0.0017097249916272444,0.024098520259464705,78.0,0.0,0.0,0.0,0.0,20.0,58.0,15286.0,2613.0,64.72,0,7.2,Clear,1,2,0
Old Astoria-Hallets Point,2026-06-03 01:00:00,0.1425587878532365,0.09500459151525856,0.0,0.0,0.0,17.0,0.0,0.0,0.0,0.0,5.0,29.0,0.0,0.0,64.99,0,4.94,Clouds,1,2,0
Ozone Park,2026-06-03 01:00:00,0.14681359453988937,0.08261339368076771,0.0,0.00010336015504656637,0.0010112670457775024,19.0,0.0,0.0,0.0,0.0,4.0,22.0,11004.0,0.0,64.4,0,7.14,Clear,1,2,0
Ozone Park (North),2026-06-03 01:00:00,0.16487745931437092,0.10551034041585719,0.0,0.0,0.0,22.0,0.0,0.0,0.0,0.0,4.0,31.0,0.0,0.0,64.4,0,7.14,Clear,1,2,0
Park Slope,2026-06-03 01:00:00,0.18554023817805027,0.1864644663344514,0.21990836973419706,0.06548681364786918,0.038779227416041916,51.0,0.0,0.0,0.0,0.0,15.0,87.0,57964.0,11815.0,64.87,0,7.09,Clouds,1,2,0
Murray Hill-Broadway Flushing,2026-06-03 01:00:00,0.1269848773347601,0.13051890891001777,0.31668319439709286,0.0,0.0,23.0,0.0,0.0,0.0,0.0,7.0,57.0,0.0,3754.0,63.52,0,5.61,Clouds,1,2,0
Parkchester,2026-06-03 01:00:00,0.13615430862314518,0.06917383583727596,0.0,0.0,0.0,18.0,0.0,0.0,0.0,0.0,2.0,12.0,0.0,0.0,64.38,0,4.25,Clouds,1,2,0
Pelham Bay-Country Club-City Island,2026-06-03 01:00:00,0.1805187636198414,0.11343727741806066,0.0,0.0004317303701407062,0.0016308347228094077,34.0,0.0,0.0,0.0,0.0,8.0,41.0,7448.0,0.0,63.59,0,3.96,Clouds,1,2,0
Pelham Gardens,2026-06-03 01:00:00,0.1164345848470691,0.10249872996048705,0.28736132909528805,8.045574231535826e-05,0.0005358028758276666,21.0,0.0,0.0,0.0,0.0,4.0,32.0,5482.0,7551.0,63.39,0,3.8,Clouds,1,2,0
Pelham Parkway-Van Nest,2026-06-03 01:00:00,0.3374279192773455,0.3276977156620993,0.0338362367391445,8.045574231535826e-05,0.0005358028758276666,43.0,0.0,0.0,0.0,0.0,22.0,51.0,5098.0,18309.0,64.24,0,3.67,Clouds,1,2,0
Pomonok-Electchester-Hillcrest,2026-06-03 01:00:00,0.5480138748976182,0.3334473053256165,0.0,0.0,0.0,23.0,0.0,0.0,0.0,0.0,48.0,86.0,0.0,0.0,63.23,0,6.04,Clear,1,2,0
Port Richmond,2026-06-03 01:00:00,0.1517265230303923,0.0922543831392975,0.0,0.0,0.0,35.0,0.0,0.0,0.0,0.0,2.0,18.0,0.0,0.0,64.56,0,6.55,Clouds,1,2,0
Prospect Heights,2026-06-03 01:00:00,0.2678830391731709,0.23078078245811792,0.0,8.045574231535826e-05,0.0005358028758276666,20.0,0.0,0.0,0.0,0.0,17.0,53.0,7914.0,0.0,64.83,0,7.09,Clouds,1,2,0
Prospect Lefferts Gardens-Wingate,2026-06-03 01:00:00,0.2621623659080394,0.14062486314543354,0.0028354934748017328,8.045574231535826e-05,0.0005663608602183528,44.0,0.0,0.0,0.0,0.0,20.0,79.0,8552.0,6624.0,64.9,0,7.72,Clear,1,2,0
Prospect Park,2026-06-03 01:00:00,0.14055949976186452,0.050206010535287386,0.0,8.045574231535826e-05,0.0005358028758276666,4.0,0.0,0.0,0.0,0.0,1.0,6.0,3548.0,0.0,64.69,0,7.63,Clear,1,2,0
Queens Village,2026-06-03 01:00:00,0.2022809195668126,0.12294736155534423,0.0,0.0,0.0,52.0,0.0,0.0,0.0,0.0,13.0,43.0,0.0,0.0,62.2,0,6.15,Clear,1,2,0
Queensboro Hill,2026-06-03 01:00:00,0.12036881726484931,0.055769781458849345,0.0,0.0,0.0,8.0,0.0,0.0,0.0,0.0,3.0,16.0,0.0,0.0,64.04,0,5.61,Clouds,1,2,0
Queensbridge-Ravenswood-Dutch Kills,2026-06-03 01:00:00,0.2723043754839521,0.19280613880382977,0.0,0.00414566450716513,0.03613880525484004,74.0,0.0,0.0,0.0,0.0,24.0,98.0,24215.0,0.0,65.28,0,5.46,Clouds,1,2,0
Randall's Island,2026-06-03 01:00:00,0.15202082570842199,0.055840223654346204,0.0,0.0,0.0,10.0,0.0,0.0,0.0,0.0,1.0,1.0,0.0,0.0,64.9,0,5.03,Clouds,1,2,0
Pelham Bay Park,2026-06-03 01:00:00,0.1415935879701409,0.053435282087829925,0.0,0.0,0.0,3.0,0.0,0.0,0.0,0.0,0.0,1.0,0.0,0.0,63.59,0,3.96,Clouds,1,2,0
Mount Olivet & All Faiths Cemeteries,2026-06-03 01:00:00,0.14114259010920532,0.05230881671237678,0.0,0.0,0.0,2.0,0.0,0.0,0.0,0.0,0.0,3.0,0.0,0.0,64.49,0,6.64,Clouds,1,2,0
Mount Hope,2026-06-03 01:00:00,0.28743646953138363,0.14438026892505035,0.0,8.045574231535826e-05,0.0005358028758276666,106.0,0.0,0.0,0.0,0.0,47.0,81.0,9483.0,0.0,64.35,0,3.51,Clouds,1,2,0
Mount Eden-Claremont (West),2026-06-03 01:00:00,0.22431761780565115,0.10525290558961894,0.0,8.045574231535826e-05,0.0005358028758276666,128.0,0.0,0.0,0.0,0.0,31.0,76.0,8947.0,0.0,64.33,0,4.0,Clouds,1,2,0
Kew Gardens Hills,2026-06-03 01:00:00,0.1356994472010267,0.10670267800900703,0.16402368996536162,0.0,0.0,26.0,0.0,0.0,0.0,0.0,0.0,24.0,0.0,4372.0,63.95,0,6.04,Clear,1,2,0
Kingsbridge Heights-Van Cortlandt Village,2026-06-03 01:00:00,0.24591283412453355,0.1811336729359818,0.0,0.0,0.0,37.0,0.0,0.0,0.0,0.0,17.0,55.0,0.0,0.0,63.84,0,3.06,Clouds,1,2,0
Kingsbridge-Marble Hill,2026-06-03 01:00:00,0.2059003752290785,0.07807469336431158,0.0,0.00013358714012196037,0.0008784528356341989,55.0,0.0,0.0,0.0,0.0,10.0,50.0,11283.0,0.0,64.04,0,3.06,Clouds,1,2,0
Kissena Park,2026-06-03 01:00:00,0.14043883744966887,0.05178600578078433,0.0,0.0,0.0,1.0,0.0,0.0,0.0,0.0,0.0,2.0,0.0,0.0,63.37,0,5.61,Clouds,1,2,0
LaGuardia Airport,2026-06-03 01:00:00,0.15464344554697002,0.056562213138162634,0.0,0.0,0.0,9.0,0.0,0.0,0.0,0.0,0.0,4.0,0.0,0.0,64.78,0,5.1,Clouds,1,2,0
Laurelton,2026-06-03 01:00:00,0.1696853696383211,0.09003925556057245,0.0,0.0,0.0,18.0,0.0,0.0,0.0,0.0,1.0,19.0,0.0,0.0,62.29,0,6.53,Clear,1,2,0
Lincoln Terrace Park,2026-06-03 01:00:00,0.1415935879701409,0.05292710656117391,0.0,0.0,0.0,2.0,0.0,0.0,0.0,0.0,0.0,0.0,0.0,0.0,64.87,0,7.2,Clear,1,2,0
Long Island City-Hunters Point,2026-06-03 01:00:00,0.13496989750346813,0.1836734741922835,0.1807340067580367,0.020071133222491676,0.23337730168379955,36.0,0.0,0.0,0.0,0.0,8.0,111.0,37434.0,5054.0,65.35,0,5.46,Clouds,1,2,0
Longwood,2026-06-03 01:00:00,0.22524654535201333,0.09792460820499609,0.0,0.00016445071404615018,0.00712213164698614,80.0,0.0,0.0,0.0,0.0,24.0,66.0,10099.0,0.0,64.53,0,4.0,Clouds,1,2,0
Lower East Side,2026-06-03 01:00:00,0.15548134458811214,0.09710063112687532,0.29612107695004825,0.0069751372783525304,0.028250892811801875,86.0,0.0,0.0,0.0,0.0,37.0,65.0,47807.0,47729.0,65.14,0,5.93,Clouds,1,2,0
Madison,2026-06-03 01:00:00,0.1604416967609263,0.05815960589790917,0.0,0.0004317303701407062,0.0016308347228094077,16.0,0.0,0.0,0.0,0.0,4.0,30.0,16639.0,0.0,64.89,0,8.63,Clear,1,2,0
Manhattanville-West Harlem,2026-06-03 01:00:00,0.18283396752172396,0.08347795571152557,0.0,8.045574231535826e-05,0.0005358028758276666,38.0,0.0,0.0,0.0,0.0,10.0,71.0,12681.0,0.0,64.53,0,4.41,Clouds,1,2,0
Mapleton-Midwood (West),2026-06-03 01:00:00,0.17137989856654048,0.07881346947057925,0.0,8.045574231535826e-05,0.0005358028758276666,26.0,0.0,0.0,0.0,0.0,0.0,39.0,3347.0,0.0,64.87,0,8.12,Clear,1,2,0
Marine Park-Mill Basin-Bergen Beach,2026-06-03 01:00:00,0.1774462409007426,0.09839685367115651,0.0,0.0,0.0,32.0,0.0,0.0,0.0,0.0,6.0,44.0,0.0,0.0,64.85,0,8.21,Clear,1,2,0
Marine Park-Plumb Island,2026-06-03 01:00:00,0.1436580874346007,0.053014338832533044,0.0,0.0,0.0,2.0,0.0,0.0,0.0,0.0,1.0,4.0,0.0,0.0,64.81,0,8.66,Clear,1,2,0
Mariner's Harbor-Arlington-Graniteville,2026-06-03 01:00:00,0.14847524704808066,0.09940654678862895,0.0,0.0,0.0,46.0,0.0,0.0,0.0,0.0,3.0,27.0,0.0,0.0,64.2,0,6.55,Clouds,1,2,0
Maspeth,2026-06-03 01:00:00,0.18097126010120065,0.23446531991581637,0.49040695625551706,0.0,0.0,26.0,0.0,0.0,0.0,0.0,7.0,80.0,0.0,8732.0,64.65,0,6.06,Clouds,1,2,0
McGuire Fields,2026-06-03 01:00:00,0.14043883744966887,0.05178600578078433,0.0,0.0,0.0,0.0,0.0,0.0,0.0,0.0,0.0,2.0,0.0,0.0,64.74,0,8.66,Clear,1,2,0
Melrose,2026-06-03 01:00:00,0.2333983090225446,0.10121849287341703,0.0,0.00013358714012196037,0.0008784528356341989,109.0,0.0,0.0,0.0,0.0,17.0,62.0,16887.0,0.0,64.6,0,4.52,Clouds,1,2,0
Middle Village,2026-06-03 01:00:00,0.15508444562826088,0.098855243789343,0.0,0.0,0.0,30.0,0.0,0.0,0.0,0.0,6.0,43.0,0.0,0.0,64.56,0,6.08,Clouds,1,2,0
Midtown South-Flatiron-Union Square,2026-06-03 01:00:00,0.2499934133148291,0.16332376985764585,0.0,0.1327946522247617,0.1970752181109188,135.0,0.0,0.0,0.0,0.0,13.0,97.0,238587.0,0.0,65.14,0,5.93,Clouds,1,2,0
Midtown-Times Square,2026-06-03 01:00:00,0.3045775585021523,0.22661465369619635,0.0,0.12743947258948835,0.1857437212773871,260.0,0.0,0.0,0.0,0.0,20.0,120.0,124992.0,0.0,64.98,0,5.37,Clouds,1,2,0
Midwood,2026-06-03 01:00:00,0.16100142391795422,0.1745521344588953,0.0026955118767458463,8.045574231535826e-05,0.0005663608602183528,34.0,0.0,0.0,0.0,0.0,6.0,46.0,10596.0,6267.0,64.9,0,8.19,Clear,1,2,0
Morningside Heights,2026-06-03 01:00:00,0.23143066781295063,0.07018028119440667,0.0,0.004208652294191631,0.10801052652189726,26.0,0.0,0.0,0.0,0.0,1.0,17.0,34442.0,0.0,64.72,0,4.41,Clouds,1,2,0
Morris Park,2026-06-03 01:00:00,0.13115059828911524,0.10244175904714088,0.005503894285447297,8.045574231535826e-05,0.0005358028758276666,36.0,0.0,0.0,0.0,0.0,3.0,33.0,2000.0,3411.0,63.54,0,3.8,Clouds,1,2,0
Morrisania,2026-06-03 01:00:00,0.19687372667587202,0.17158787742474016,0.0,0.0,0.0,90.0,0.0,0.0,0.0,0.0,12.0,60.0,0.0,0.0,64.42,0,4.0,Clouds,1,2,0
Mott Haven-Port Morris,2026-06-03 01:00:00,0.22478903055116478,0.21761251079342583,0.007394832282758958,8.045574231535826e-05,0.0023377637738239807,178.0,0.0,0.0,0.0,0.0,20.0,74.0,18207.0,25600.0,64.67,0,4.52,Clouds,1,2,0
Rego Park,2026-06-03 01:00:00,0.144844493344861,0.053076365252602294,0.0,8.045574231535826e-05,0.0005358028758276666,16.0,0.0,0.0,0.0,0.0,3.0,21.0,10408.0,0.0,64.58,0,6.08,Clouds,1,2,0
Kew Gardens,2026-06-03 01:00:00,0.13547732177305746,0.08138144323477886,0.0,8.045574231535826e-05,0.0005358028758276666,20.0,0.0,0.0,0.0,0.0,6.0,16.0,7794.0,0.0,64.17,0,6.6,Clear,1,2,0
Richmond Hill,2026-06-03 01:00:00,0.14030677048754922,0.09750689105975374,0.0,8.045574231535826e-05,0.0005663608602183528,38.0,0.0,0.0,0.0,0.0,5.0,40.0,4853.0,0.0,64.26,0,6.6,Clear,1,2,0
Riverdale-Spuyten Duyvil,2026-06-03 01:00:00,0.22519545442992375,0.18793992906276252,0.0,0.0,0.0,28.0,0.0,0.0,0.0,0.0,15.0,55.0,0.0,0.0,63.73,0,2.66,Clouds,1,2,0
Tremont,2026-06-03 01:00:00,0.26438950984284276,0.1567817103390475,0.0,0.0,0.0,72.0,0.0,0.0,0.0,0.0,19.0,61.0,0.0,0.0,64.26,0,3.67,Clouds,1,2,0
Tribeca-Civic Center,2026-06-03 01:00:00,0.2140820794936112,0.11016576629935783,0.0,0.022897122372773762,0.031017113397430615,84.0,0.0,0.0,0.0,0.0,12.0,71.0,93091.0,0.0,65.41,0,5.79,Clouds,1,2,0
United Nations,2026-06-03 01:00:00,0.1224499008167304,0.06041484770275302,0.03040290424756036,0.0,0.0,0.0,0.0,0.0,0.0,0.0,1.0,1.0,0.0,3923.0,65.1,0,5.37,Clouds,1,2,0
University Heights (North)-Fordham,2026-06-03 01:00:00,0.24818461492446028,0.11134519446907103,0.0,0.00010336015504656637,0.0010112670457775024,67.0,0.0,0.0,0.0,0.0,14.0,63.0,6619.0,0.0,64.2,0,3.51,Clouds,1,2,0
University Heights (South)-Morris Heights,2026-06-03 01:00:00,0.31431966484250234,0.10598966839188875,0.0,8.045574231535826e-05,0.0005358028758276666,96.0,0.0,0.0,0.0,0.0,41.0,108.0,9832.0,0.0,64.26,0,3.51,Clouds,1,2,0
Upper East Side-Carnegie Hill,2026-06-03 01:00:00,0.17281399420596547,0.08446896832843498,0.0,0.1493490179235996,0.379867675191953,48.0,0.0,0.0,0.0,0.0,6.0,67.0,111744.0,0.0,64.94,0,4.94,Clouds,1,2,0
Upper East Side-Lenox Hill-Roosevelt Island,2026-06-03 01:00:00,0.20282723483013823,0.1255281057567303,0.0,8.045574231535826e-05,0.000994527490578711,33.0,0.0,0.0,0.0,0.0,16.0,48.0,34990.0,0.0,64.94,0,4.94,Clouds,1,2,0
Upper East Side-Yorkville,2026-06-03 01:00:00,0.16778315919586453,0.09671497940479176,0.0,8.045574231535826e-05,0.0005663608602183528,36.0,0.0,0.0,0.0,0.0,12.0,55.0,19876.0,0.0,64.99,0,4.94,Clouds,1,2,0
Upper West Side (Central),2026-06-03 01:00:00,0.18110686523251782,0.21656271793924495,0.2614921531659022,0.009212162350143565,0.04522460323585489,59.0,0.0,0.0,0.0,0.0,15.0,58.0,43319.0,9801.0,65.1,0,4.83,Clouds,1,2,0
Upper West Side-Lincoln Square,2026-06-03 01:00:00,0.2918445713252335,0.11974085551177885,0.26373394448118453,0.09361815655905087,0.22990963694892858,67.0,0.0,0.0,0.0,0.0,37.0,79.0,95719.0,3858.0,65.17,0,4.83,Clouds,1,2,0
Upper West Side-Manhattan Valley,2026-06-03 01:00:00,0.28855399821774314,0.10633531714192328,0.0,0.00010336015504656637,0.0010112670457775024,66.0,0.0,0.0,0.0,0.0,7.0,39.0,23263.0,0.0,64.65,0,4.29,Clouds,1,2,0
Van Cortlandt Park,2026-06-03 01:00:00,0.1436580874346007,0.05352251435918906,0.0,0.0,0.0,3.0,0.0,0.0,0.0,0.0,0.0,4.0,0.0,0.0,63.57,0,3.22,Clouds,1,2,0
Tottenville-Charleston,2026-06-03 01:00:00,0.15950405689918082,0.06917719251590894,0.0,0.0,0.0,16.0,0.0,0.0,0.0,0.0,1.0,19.0,0.0,0.0,62.44,0,5.68,Clouds,1,2,0
Wakefield-Woodlawn,2026-06-03 01:00:00,0.22723224576742168,0.19020523365101188,0.0032173831418096906,0.00010336015504656637,0.0010112670457775024,83.0,0.0,0.0,0.0,0.0,20.0,81.0,4282.0,9596.0,63.7,0,3.0,Clouds,1,2,0
Washington Heights (South),2026-06-03 01:00:00,0.34749686998183843,0.2257454401326082,0.0,8.045574231535826e-05,0.005441534544469874,102.0,0.0,0.0,0.0,0.0,69.0,139.0,33323.0,0.0,64.49,0,3.89,Clouds,1,2,0
West Farms,2026-06-03 01:00:00,0.1689543068756713,0.09771786836523373,0.2599421133067281,0.0003877999910367818,0.018215400455907495,38.0,0.0,0.0,0.0,0.0,9.0,34.0,7918.0,2051.0,64.38,0,4.14,Clouds,1,2,0
West New Brighton-Silver Lake-Grymes Hill,2026-06-03 01:00:00,0.17014640394158032,0.10239999400752235,0.0,0.0,0.0,34.0,0.0,0.0,0.0,0.0,3.0,34.0,0.0,0.0,64.09,0,7.0,Clouds,1,2,0
West Village,2026-06-03 01:00:00,0.18809777749742077,0.1044609583554702,0.0,0.0187675577165579,0.03252422041384452,42.0,0.0,0.0,0.0,0.0,17.0,40.0,46035.0,0.0,65.44,0,5.79,Clouds,1,2,0
Westchester Square,2026-06-03 01:00:00,0.20107636744288848,0.06678431133028404,0.0,8.045574231535826e-05,0.0005663608602183528,24.0,0.0,0.0,0.0,0.0,1.0,11.0,9033.0,0.0,64.4,0,4.25,Clouds,1,2,0
Westerleigh-Castleton Corners,2026-06-03 01:00:00,0.12112437148689127,0.06600522331974383,0.0,0.0,0.0,11.0,0.0,0.0,0.0,0.0,3.0,21.0,0.0,0.0,63.95,0,7.0,Clouds,1,2,0
Whitestone-Beechhurst,2026-06-03 01:00:00,0.1524324281981906,0.06532971030782729,0.0,0.0,0.0,8.0,0.0,0.0,0.0,0.0,4.0,36.0,0.0,0.0,63.81,0,5.19,Clouds,1,2,0
Williamsbridge-Olinville,2026-06-03 01:00:00,0.19985904279863165,0.11260107680246519,0.0,0.00010336015504656637,0.0010112670457775024,108.0,0.0,0.0,0.0,0.0,14.0,69.0,4968.0,0.0,63.75,0,3.22,Clouds,1,2,0
Williamsburg,2026-06-03 01:00:00,0.3832665464644994,0.2683255023710999,0.350947066318974,0.010300955026042962,0.028010116205060064,56.0,0.0,0.0,0.0,0.0,76.0,138.0,43854.0,13579.0,65.12,0,6.6,Clouds,1,2,0
Windsor Terrace-South Slope,2026-06-03 01:00:00,0.1754402326331623,0.06103455504566509,0.0,8.045574231535826e-05,0.0005358028758276666,14.0,0.0,0.0,0.0,0.0,7.0,33.0,9975.0,0.0,64.76,0,7.63,Clear,1,2,0
Woodhaven,2026-06-03 01:00:00,0.2683923153283209,0.1429701065602419,0.0,8.045574231535826e-05,0.0005663608602183528,28.0,0.0,0.0,0.0,0.0,23.0,66.0,8696.0,0.0,64.45,0,6.6,Clear,1,2,0
Woodlawn Cemetery,2026-06-03 01:00:00,0.14389300985972897,0.053435282087829925,0.0,0.0,0.0,6.0,0.0,0.0,0.0,0.0,0.0,0.0,0.0,0.0,63.57,0,3.22,Clouds,1,2,0
Washington Heights (North),2026-06-03 01:00:00,0.33378782884531155,0.1831995094213028,0.0,0.00010336015504656637,0.0010112670457775024,95.0,0.0,0.0,0.0,0.0,65.0,136.0,11070.0,0.0,64.26,0,3.38,Clouds,1,2,0
Tompkinsville-Stapleton-Clifton-Fox Hills,2026-06-03 01:00:00,0.1520704028840955,0.09993585051923033,0.0,8.045574231535826e-05,0.0005663608602183528,35.0,0.0,0.0,0.0,0.0,4.0,9.0,599.0,0.0,64.58,0,7.38,Clouds,1,2,0
Todt Hill-Emerson Hill-Lighthouse Hill-Manor Heights,2026-06-03 01:00:00,0.2526244540144141,0.17892562238948415,0.09636582833312766,0.0,0.0,16.0,0.0,0.0,0.0,0.0,8.0,29.0,0.0,26227.0,63.19,0,7.36,Clouds,1,2,0
Throgs Neck-Schuylerville,2026-06-03 01:00:00,0.17478169958052767,0.08803346681824596,0.0,0.0,0.0,51.0,0.0,0.0,0.0,0.0,5.0,49.0,0.0,0.0,64.76,0,4.38,Clouds,1,2,0
Rockaway Beach-Arverne-Edgemere,2026-06-03 01:00:00,0.23241478647201388,0.10943339378363837,0.0,8.045574231535826e-05,0.0005663608602183528,55.0,0.0,0.0,0.0,0.0,10.0,32.0,3865.0,0.0,64.18,0,8.34,Clear,1,2,0
Rosebank-Shore Acres-Park Hill,2026-06-03 01:00:00,0.16732915026941528,0.11857794895553748,0.0,0.0,0.0,20.0,0.0,0.0,0.0,0.0,8.0,34.0,0.0,0.0,64.4,0,7.76,Clouds,1,2,0
Rosedale,2026-06-03 01:00:00,0.1473434800723547,0.08651483521582355,0.0,0.0,0.0,24.0,0.0,0.0,0.0,0.0,2.0,18.0,0.0,0.0,62.29,0,6.96,Clear,1,2,0
Sheepshead Bay-Manhattan Beach-Gerritsen Beach,2026-06-03 01:00:00,0.1456982809962394,0.1365714526547373,0.0,0.00010336015504656637,0.0010112670457775024,40.0,1.0,0.0,0.0,0.0,13.0,88.0,12592.0,0.0,64.83,0,8.63,Clear,1,2,0
SoHo-Little Italy-Hudson Square,2026-06-03 01:00:00,0.23656123341879393,0.11559686970714106,0.24033905593667385,0.006017849893815576,0.02951496045753066,78.0,0.0,0.0,0.0,0.0,11.0,42.0,75607.0,469.0,65.35,0,5.79,Clouds,1,2,0
Soundview Park,2026-06-03 01:00:00,0.1436580874346007,0.053014338832533044,0.0,0.0,0.0,1.0,0.0,0.0,0.0,0.0,1.0,4.0,0.0,0.0,64.54,0,4.14,Clouds,1,2,0
Soundview-Bruckner-Bronx River,2026-06-03 01:00:00,0.21816670014342615,0.08805143737348699,0.09987115909692171,8.045574231535826e-05,0.0005358028758276666,116.0,0.0,0.0,0.0,0.0,32.0,75.0,9692.0,7932.0,64.49,0,4.14,Clouds,1,2,0
Soundview-Clason Point,2026-06-03 01:00:00,0.26554780923787513,0.17459954119525117,0.0,0.0,0.0,70.0,0.0,0.0,0.0,0.0,15.0,35.0,0.0,0.0,64.54,0,4.61,Clouds,1,2,0
South Jamaica,2026-06-03 01:00:00,0.1966326761701042,0.10559825230580536,0.002524388549934455,0.0,0.0,51.0,0.0,0.0,0.0,0.0,9.0,40.0,0.0,2601.0,63.05,0,6.42,Clear,1,2,0
South Ozone Park,2026-06-03 01:00:00,0.36383280583796285,0.24077055518606172,0.0,0.00013358714012196037,0.0008784528356341989,73.0,0.0,0.0,0.0,0.0,49.0,161.0,8291.0,0.0,64.06,0,7.02,Clear,1,2,0
South Richmond Hill,2026-06-03 01:00:00,0.15986592823729887,0.10659506086099477,0.0,0.0,0.0,35.0,0.0,0.0,0.0,0.0,2.0,24.0,0.0,0.0,64.09,0,7.02,Clear,1,2,0
South Williamsburg,2026-06-03 01:00:00,0.2525100935376606,0.12617929263887806,0.0,0.00010336015504656637,0.01544115199014439,27.0,0.0,0.0,0.0,0.0,17.0,32.0,15126.0,0.0,65.08,0,6.6,Clouds,1,2,0
Spring Creek Park,2026-06-03 01:00:00,0.1415935879701409,0.05292710656117391,0.0,0.0,0.0,0.0,0.0,0.0,0.0,0.0,0.0,0.0,0.0,0.0,64.51,0,7.63,Clear,1,2,0
Spring Creek-Starrett City,2026-06-03 01:00:00,0.12211181862871393,0.16881125777481254,0.0,0.0,0.0,30.0,1.0,0.0,0.0,0.0,2.0,21.0,0.0,0.0,64.67,0,7.7,Clear,1,2,0
Springfield Gardens (North)-Rochdale Village,2026-06-03 01:00:00,0.18575270629557164,0.13046841206888926,0.0,0.0,0.0,23.0,0.0,0.0,0.0,0.0,1.0,29.0,0.0,0.0,62.74,0,6.89,Clear,1,2,0
Springfield Gardens (South)-Brookville,2026-06-03 01:00:00,0.18354572688225046,0.15105590847687628,0.14040345533579054,0.0,0.0,39.0,0.0,0.0,0.0,0.0,1.0,16.0,0.0,6231.0,62.55,0,6.96,Clear,1,2,0
St. Albans,2026-06-03 01:00:00,0.17123813006372407,0.09265706805699069,0.0,0.0,0.0,50.0,0.0,0.0,0.0,0.0,2.0,38.0,0.0,0.0,62.51,0,6.42,Clear,1,2,0
St. George-New Brighton,2026-06-03 01:00:00,0.14890110357896547,0.08768237922058132,0.0,0.013574750767359292,0.07149977561159557,46.0,0.0,0.0,0.0,0.0,5.0,15.0,6250.0,0.0,64.87,0,6.96,Clouds,1,2,0
St. John Cemetery,2026-06-03 01:00:00,0.1415935879701409,0.05292710656117391,0.0,0.0,0.0,1.0,0.0,0.0,0.0,0.0,0.0,0.0,0.0,0.0,64.45,0,6.64,Clouds,1,2,0
Stuyvesant Town-Peter Cooper Village,2026-06-03 01:00:00,0.13280619668939858,0.05151031137994824,0.0,0.0,0.0,9.0,0.0,0.0,0.0,0.0,2.0,5.0,0.0,0.0,65.14,0,5.93,Clouds,1,2,0
Sunnyside,2026-06-03 01:00:00,0.15286239224169315,0.13184233813614452,0.313570305903249,0.00010336015504656637,0.0017582264515308315,41.0,0.0,0.0,0.0,0.0,11.0,68.0,21964.0,1109.0,64.76,0,5.55,Clouds,1,2,0
Sunnyside Yards (North),2026-06-03 01:00:00,0.13888030045708435,0.05540175405717049,0.0,8.045574231535826e-05,0.0005358028758276666,4.0,0.0,0.0,0.0,0.0,0.0,2.0,2916.0,0.0,64.98,0,5.55,Clouds,1,2,0
Sunnyside Yards (South),2026-06-03 01:00:00,0.1415935879701409,0.05292710656117391,0.0,0.0,0.0,1.0,0.0,0.0,0.0,0.0,0.0,1.0,0.0,0.0,64.85,0,5.55,Clouds,1,2,0
Sunset Park (Central),2026-06-03 01:00:00,0.18398405913839108,0.08365607388162938,0.0,8.045574231535826e-05,0.0005358028758276666,30.0,0.0,0.0,0.0,0.0,11.0,37.0,9466.0,0.0,65.17,0,7.47,Clouds,1,2,0
Sunset Park (East)-Borough Park (West),2026-06-03 01:00:00,0.17587518112351763,0.13828733407859348,0.0,8.045574231535826e-05,0.0005358028758276666,19.0,0.0,0.0,0.0,0.0,10.0,33.0,7642.0,0.0,65.23,0,7.47,Clouds,1,2,0
Sunset Park (West),2026-06-03 01:00:00,0.2804003876033817,0.29272743060931533,0.22234828610351362,8.045574231535826e-05,0.0052866584212474645,72.0,0.0,0.0,0.0,0.0,13.0,91.0,24398.0,1747.0,65.23,0,7.47,Clouds,1,2,0
The Battery-Governors Island-Ellis Island-Liberty Island,2026-06-03 01:00:00,0.1415935879701409,0.05292710656117391,0.0,0.0,0.0,0.0,0.0,0.0,0.0,0.0,0.0,0.0,0.0,0.0,65.17,0,6.38,Clouds,1,2,0
Ridgewood,2026-06-03 01:00:00,0.24834243290248842,0.11102965544415884,0.0,0.00010336015504656637,0.0010112670457775024,49.0,0.0,0.0,0.0,0.0,30.0,96.0,10769.0,0.0,64.71,0,6.64,Clouds,1,2,0
Woodside,2026-06-03 01:00:00,0.1734526703630941,0.07970525017640803,0.0,0.00010336015504656637,0.0010112670457775024,30.0,0.0,0.0,0.0,0.0,7.0,37.0,16963.0,0.0,64.78,0,5.55,Clouds,1,2,0
Kensington,2026-06-03 01:00:00,0.13716836449189135,0.10402568019524512,0.2113998709026996,0.00010336015504656637,0.0010112670457775024,17.0,0.0,0.0,0.0,0.0,6.0,66.0,10145.0,3746.0,64.96,0,8.12,Clear,1,2,0
Jamaica Hills-Briarwood,2026-06-03 01:00:00,0.1484067812225475,0.10280125069642958,0.0,0.0,0.0,43.0,0.0,0.0,0.0,0.0,3.0,27.0,0.0,0.0,63.05,0,6.53,Clear,1,2,0
Cambria Heights,2026-06-03 01:00:00,0.15679031540461583,0.07361534666823667,0.0,0.0,0.0,11.0,0.0,0.0,0.0,0.0,1.0,24.0,0.0,0.0,62.17,0,6.15,Clear,1,2,0
Canarsie,2026-06-03 01:00:00,0.27527285360484877,0.1326225003502965,0.0,0.0004317303701407062,0.0016308347228094077,87.0,0.0,0.0,0.0,0.0,18.0,95.0,11895.0,0.0,64.8,0,7.76,Clear,1,2,0
Canarsie Park & Pier,2026-06-03 01:00:00,0.1415935879701409,0.05292710656117391,0.0,0.0,0.0,1.0,0.0,0.0,0.0,0.0,0.0,1.0,0.0,0.0,64.72,0,8.19,Clear,1,2,0
Carroll Gardens-Cobble Hill-Gowanus-Red Hook,2026-06-03 01:00:00,0.25260776189088546,0.18103218910045668,0.3327992010676123,8.045574231535826e-05,0.0005663608602183528,63.0,0.0,0.0,0.0,0.0,21.0,93.0,23823.0,6236.0,65.17,0,6.93,Clouds,1,2,0
Castle Hill-Unionport,2026-06-03 01:00:00,0.17299666421727275,0.08306303534583123,0.0,0.00010336015504656637,0.0010112670457775024,36.0,0.0,0.0,0.0,0.0,6.0,37.0,9209.0,0.0,64.4,0,4.25,Clouds,1,2,0
Central Park,2026-06-03 01:00:00,0.1791588189198167,0.08690588636178523,0.09011922843059357,0.015418824672014872,0.1664782354532068,16.0,0.0,0.0,0.0,0.0,2.0,17.0,43338.0,3102.0,65.16,0,4.83,Clouds,1,2,0
Chelsea-Hudson Yards,2026-06-03 01:00:00,0.24796632948195554,0.15207210771929652,0.0,0.07516867516755521,0.05655737543598246,126.0,0.0,0.0,0.0,0.0,27.0,140.0,112661.0,0.0,65.19,0,5.23,Clouds,1,2,0
Chinatown-Two Bridges,2026-06-03 01:00:00,0.20359618903289786,0.13425184736679396,0.3052726162453726,8.045574231535826e-05,0.0005663608602183528,48.0,0.0,0.0,0.0,0.0,15.0,43.0,12729.0,8534.0,65.12,0,6.49,Clouds,1,2,0
Claremont Village-Claremont (East),2026-06-03 01:00:00,0.34948178143323017,0.1529042184495597,0.0,0.0,0.0,67.0,0.0,0.0,0.0,0.0,27.0,42.0,0.0,0.0,64.38,0,4.0,Clouds,1,2,0
Clinton Hill,2026-06-03 01:00:00,0.14385669036424048,0.15021732755179534,0.28505390408958936,8.045574231535826e-05,0.0005358028758276666,18.0,0.0,0.0,0.0,0.0,6.0,64.0,14482.0,8164.0,64.99,0,7.09,Clouds,1,2,0
Co-op City,2026-06-03 01:00:00,0.1434674855496994,0.08597657432601319,0.0,0.0,0.0,38.0,0.0,0.0,0.0,0.0,2.0,8.0,0.0,0.0,63.45,0,3.4,Clouds,1,2,0
College Point,2026-06-03 01:00:00,0.13714044479472115,0.13964148059628526,0.3302727705811279,0.0,0.0,29.0,0.0,0.0,0.0,0.0,11.0,43.0,0.0,7634.0,64.51,0,5.14,Clouds,1,2,0
Calvert Vaux Park,2026-06-03 01:00:00,0.1415935879701409,0.05292710656117391,0.0,0.0,0.0,0.0,0.0,0.0,0.0,0.0,0.0,0.0,0.0,0.0,64.78,0,8.86,Clear,1,2,0
Concourse-Concourse Village,2026-06-03 01:00:00,0.32374603895710136,0.1718924879368227,0.0,0.00016445071404615018,0.003260745703052459,133.0,0.0,0.0,0.0,0.0,44.0,124.0,23449.0,0.0,64.51,0,4.0,Clouds,1,2,0
Corona,2026-06-03 01:00:00,0.2290545413962377,0.09980532271899892,0.0,8.045574231535826e-05,0.0005663608602183528,60.0,0.0,0.0,0.0,0.0,15.0,48.0,17953.0,0.0,64.9,0,5.61,Clouds,1,2,0
Crotona Park,2026-06-03 01:00:00,0.1415935879701409,0.05292710656117391,0.0,0.0,0.0,1.0,0.0,0.0,0.0,0.0,0.0,0.0,0.0,0.0,64.38,0,4.0,Clouds,1,2,0
Crotona Park East,2026-06-03 01:00:00,0.2559666724422156,0.11751377897496944,0.0,8.045574231535826e-05,0.0005358028758276666,60.0,0.0,0.0,0.0,0.0,29.0,78.0,6192.0,0.0,64.38,0,4.14,Clouds,1,2,0
Crown Heights (North),2026-06-03 01:00:00,0.28365053122040723,0.12847013690895645,0.0,8.045574231535826e-05,0.0005358028758276666,161.0,0.0,0.0,0.0,0.0,42.0,102.0,1455.0,0.0,64.85,0,7.18,Clouds,1,2,0
Crown Heights (South),2026-06-03 01:00:00,0.2695729732863066,0.15884852925921197,0.17446889241761307,0.00013358714012196037,0.0016254122413875284,64.0,0.0,0.0,0.0,0.0,33.0,90.0,22910.0,8707.0,64.8,0,7.18,Clouds,1,2,0
Cunningham Park,2026-06-03 01:00:00,0.14114259010920532,0.05230881671237678,0.0,0.0,0.0,0.0,0.0,0.0,0.0,0.0,1.0,3.0,0.0,0.0,62.6,0,5.97,Clear,1,2,0
Cypress Hills,2026-06-03 01:00:00,0.23435853868472253,0.14674790471313912,0.0,8.045574231535826e-05,0.0005358028758276666,41.0,0.0,0.0,0.0,0.0,28.0,75.0,4351.0,0.0,64.6,0,7.18,Clear,1,2,0
Douglaston-Little Neck,2026-06-03 01:00:00,0.12676867101399553,0.07070270193322241,0.0,0.0,0.0,6.0,0.0,0.0,0.0,0.0,3.0,24.0,0.0,0.0,62.26,0,5.46,Clear,1,2,0
Downtown Brooklyn-DUMBO-Boerum Hill,2026-06-03 01:00:00,0.26419927794954573,0.20126063624480148,0.00302459839506071,0.015226845193385541,0.0434153371332635,149.0,0.0,0.0,0.0,0.0,35.0,124.0,76213.0,2994.0,64.96,0,6.49,Clouds,1,2,0
Dyker Beach Park,2026-06-03 01:00:00,0.1415935879701409,0.05292710656117391,0.0,0.0,0.0,0.0,0.0,0.0,0.0,0.0,0.0,0.0,0.0,0.0,64.71,0,7.96,Clear,1,2,0
Dyker Heights,2026-06-03 01:00:00,0.1704064164584381,0.12179836197047728,0.0,0.0,0.0,23.0,0.0,0.0,0.0,0.0,4.0,42.0,0.0,0.0,64.78,0,7.96,Clear,1,2,0
East Elmhurst,2026-06-03 01:00:00,0.24761877943114105,0.26420254858392717,0.15405878185242136,0.0,0.0,21.0,0.0,0.0,0.0,0.0,21.0,67.0,0.0,3369.0,64.63,0,5.59,Clouds,1,2,0
Coney Island-Sea Gate,2026-06-03 01:00:00,0.24241292857390478,0.10852589564725589,0.0,8.045574231535826e-05,0.0005663608602183528,93.0,0.0,0.0,0.0,0.0,25.0,58.0,19561.0,0.0,64.71,0,8.86,Clear,1,2,0
Calvary & Mount Zion Cemeteries,2026-06-03 01:00:00,0.1415935879701409,0.05292710656117391,0.0,0.0,0.0,0.0,0.0,0.0,0.0,0.0,0.0,0.0,0.0,0.0,64.8,0,6.06,Clouds,1,2,0
Bushwick (West),2026-06-03 01:00:00,0.3260949811636521,0.10789214316334124,0.24103633095411892,8.045574231535826e-05,0.000994527490578711,68.0,0.0,0.0,0.0,0.0,53.0,119.0,18144.0,2196.0,64.96,0,6.64,Clouds,1,2,0
Bushwick (East),2026-06-03 01:00:00,0.2397922394551386,0.12814077613088962,0.21691359433295748,0.0003877999910367818,0.023185001143364498,77.0,0.0,0.0,0.0,0.0,12.0,62.0,22826.0,3086.0,64.81,0,6.64,Clouds,1,2,0
Alley Pond Park,2026-06-03 01:00:00,0.1415935879701409,0.053435282087829925,0.0,0.0,0.0,3.0,0.0,0.0,0.0,0.0,0.0,1.0,0.0,0.0,62.46,0,5.46,Clear,1,2,0
Annadale-Huguenot-Prince's Bay-Woodrow,2026-06-03 01:00:00,0.1569743588725231,0.10275039216264223,0.0,0.0,0.0,17.0,0.0,0.0,0.0,0.0,7.0,35.0,0.0,0.0,62.98,0,6.44,Clouds,1,2,0
Arden Heights-Rossville,2026-06-03 01:00:00,0.11119718783807216,0.0716743013241456,0.005503894285447297,0.0,0.0,16.0,0.0,0.0,0.0,0.0,3.0,30.0,0.0,3569.0,62.92,0,6.31,Clouds,1,2,0
Astoria (Central),2026-06-03 01:00:00,0.18123119504150234,0.14385400103349544,0.1931660034591245,0.00010336015504656637,0.0010112670457775024,38.0,0.0,0.0,0.0,0.0,15.0,101.0,18599.0,5241.0,64.83,0,5.55,Clouds,1,2,0
Astoria (East)-Woodside (North),2026-06-03 01:00:00,0.1947801968133796,0.0818327553198591,0.0,8.045574231535826e-05,0.0005663608602183528,51.0,0.0,0.0,0.0,0.0,9.0,43.0,15624.0,0.0,64.8,0,5.55,Clouds,1,2,0
Astoria (North)-Ditmars-Steinway,2026-06-03 01:00:00,0.1962261122689815,0.10553076096962442,0.0,0.00013358714012196037,0.0008784528356341989,31.0,0.0,0.0,0.0,0.0,15.0,60.0,20130.0,0.0,64.85,0,5.03,Clouds,1,2,0
Astoria Park,2026-06-03 01:00:00,0.14043883744966887,0.05178600578078433,0.0,0.0,0.0,1.0,0.0,0.0,0.0,0.0,0.0,2.0,0.0,0.0,64.92,0,5.03,Clouds,1,2,0
Auburndale,2026-06-03 01:00:00,0.13262760831063908,0.08068581081478306,0.09807189203842259,0.0,0.0,18.0,0.0,0.0,0.0,0.0,5.0,31.0,0.0,1784.0,62.87,0,5.59,Clouds,1,2,0
Baisley Park,2026-06-03 01:00:00,0.17206158519846626,0.11173075097888832,0.0,0.0,0.0,44.0,0.0,0.0,0.0,0.0,9.0,61.0,0.0,0.0,63.05,0,6.89,Clear,1,2,0
Barren Island-Floyd Bennett Field,2026-06-03 01:00:00,0.1415935879701409,0.05292710656117391,0.0,0.0,0.0,0.0,0.0,0.0,0.0,0.0,0.0,0.0,0.0,0.0,64.67,0,8.66,Clear,1,2,0
Bath Beach,2026-06-03 01:00:00,0.1689187457597196,0.1212599664144307,0.0,0.0,0.0,38.0,0.0,0.0,0.0,0.0,3.0,76.0,0.0,0.0,64.81,0,8.37,Clear,1,2,0
Bay Ridge,2026-06-03 01:00:00,0.175962425301783,0.15600031339124984,0.2628465491188049,0.00016445071404615018,0.003260745703052459,51.0,0.0,0.0,0.0,0.0,20.0,133.0,18069.0,4068.0,65.3,0,7.72,Clouds,1,2,0
Bay Terrace-Clearview,2026-06-03 01:00:00,0.11721520774942282,0.05262502857555635,0.0,0.0,0.0,7.0,0.0,0.0,0.0,0.0,3.0,17.0,0.0,0.0,63.36,0,5.21,Clouds,1,2,0
Bayside,2026-06-03 01:00:00,0.15443539888294414,0.10138525468157567,0.0,0.0,0.0,18.0,0.0,0.0,0.0,0.0,7.0,38.0,0.0,0.0,62.78,0,5.59,Clouds,1,2,0
Bedford Park,2026-06-03 01:00:00,0.25292253361256245,0.09752162926866474,0.0,0.000242213266552417,0.003437253293103093,75.0,0.0,0.0,0.0,0.0,24.0,67.0,10903.0,0.0,63.81,0,3.22,Clouds,1,2,0
Bedford-Stuyvesant (East),2026-06-03 01:00:00,0.2421730079292999,0.1540499330669283,0.1265209190742142,0.000242213266552417,0.01628004875306272,121.0,0.0,0.0,0.0,0.0,41.0,145.0,32235.0,8682.0,64.9,0,7.18,Clouds,1,2,0
Bedford-Stuyvesant (West),2026-06-03 01:00:00,0.4098834391969776,0.23680107837695547,0.2477020074900296,0.00010336015504656637,0.002916028627163005,148.0,1.0,0.0,0.0,0.0,50.0,152.0,32588.0,7736.0,64.99,0,7.18,Clouds,1,2,0
Bellerose,2026-06-03 01:00:00,0.13713790516369148,0.09015371258426395,0.0,0.0,0.0,19.0,0.0,0.0,0.0,0.0,5.0,23.0,0.0,0.0,62.08,0,5.79,Clear,1,2,0
Belmont,2026-06-03 01:00:00,0.2876507547302553,0.22554378299717262,0.002524388549934455,0.0,0.0,68.0,0.0,0.0,0.0,0.0,22.0,47.0,0.0,6523.0,64.15,0,3.67,Clouds,1,2,0
Bensonhurst,2026-06-03 01:00:00,0.3025860435462411,0.13412273644330042,0.0,0.00010336015504656637,0.0010112670457775024,52.0,0.0,0.0,0.0,0.0,43.0,122.0,17379.0,0.0,64.87,0,8.52,Clear,1,2,0
Borough Park,2026-06-03 01:00:00,0.1706331537236651,0.14923508131964575,0.21147646781484256,0.0012584992275021366,0.001556365090973627,37.0,0.0,0.0,0.0,0.0,0.0,50.0,9243.0,7529.0,64.89,0,8.12,Clear,1,2,0
Breezy Point-Belle Harbor-Rockaway Park-Broad Channel,2026-06-03 01:00:00,0.290817879369352,0.24091992515420782,0.0,8.045574231535826e-05,0.0005358028758276666,18.0,0.0,0.0,0.0,0.0,17.0,30.0,1070.0,0.0,64.47,0,8.86,Clear,1,2,0
Brighton Beach,2026-06-03 01:00:00,0.215392103106363,0.09142188964648905,0.0,8.045574231535826e-05,0.0005358028758276666,36.0,0.0,0.0,0.0,0.0,12.0,38.0,10312.0,0.0,64.78,0,8.97,Clear,1,2,0
Bronx Park,2026-06-03 01:00:00,0.15212794822157463,0.05585669101800637,0.0,0.0,0.0,9.0,0.0,0.0,0.0,0.0,0.0,3.0,0.0,0.0,64.26,0,3.67,Clouds,1,2,0
Brooklyn Heights,2026-06-03 01:00:00,0.14144321177245553,0.07522999980454301,0.042932400159680285,8.045574231535826e-05,0.0005358028758276666,20.0,0.0,0.0,0.0,0.0,0.0,29.0,5486.0,2088.0,64.96,0,6.49,Clouds,1,2,0
Brooklyn Navy Yard,2026-06-03 01:00:00,0.1204785292647249,0.05398041520704211,0.0,0.0,0.0,2.0,0.0,0.0,0.0,0.0,3.0,3.0,0.0,0.0,65.12,0,6.49,Clouds,1,2,0
Brownsville,2026-06-03 01:00:00,0.20029388442302443,0.1082762324533377,0.0,0.0017097249916272444,0.019393639635662593,150.0,0.0,0.0,0.0,0.0,23.0,65.0,18063.0,0.0,64.85,0,7.76,Clear,1,2,0
East Flatbush-Erasmus,2026-06-03 01:00:00,0.23458502600591508,0.10226145495967541,0.0,8.045574231535826e-05,0.0005663608602183528,75.0,0.0,0.0,0.0,0.0,11.0,67.0,10378.0,0.0,64.89,0,7.72,Clear,1,2,0
John F. Kennedy International Airport,2026-06-03 01:00:00,0.14145017460736015,0.04857746564440612,0.0,8.045574231535826e-05,0.0005358028758276666,0.0,0.0,0.0,0.0,0.0,0.0,7.0,3209.0,0.0,62.89,0,7.34,Clear,1,2,0
East Flatbush-Farragut,2026-06-03 01:00:00,0.18018359583975663,0.1031449300191588,0.0,8.045574231535826e-05,0.0005358028758276666,48.0,0.0,0.0,0.0,0.0,2.0,32.0,5501.0,0.0,64.94,0,8.19,Clear,1,2,0
East Flatbush-Rugby,2026-06-03 01:00:00,0.19690211577827402,0.20482353569613296,0.09158921464967465,0.0,0.0,43.0,0.0,0.0,0.0,0.0,11.0,49.0,0.0,5865.0,64.9,0,7.72,Clear,1,2,0
Grasmere-Arrochar-South Beach-Dongan Hills,2026-06-03 01:00:00,0.24501990543281305,0.17768832451424743,0.0,0.0,0.0,36.0,0.0,0.0,0.0,0.0,17.0,56.0,0.0,0.0,64.31,0,7.76,Clouds,1,2,0
Gravesend (East)-Homecrest,2026-06-03 01:00:00,0.14146574840087925,0.10690815781463796,0.0,8.045574231535826e-05,0.0005358028758276666,37.0,0.0,0.0,0.0,0.0,3.0,58.0,2861.0,0.0,64.92,0,8.52,Clear,1,2,0
Gravesend (South),2026-06-03 01:00:00,0.1335843664088572,0.07816712842744795,0.0,8.045574231535826e-05,0.0005358028758276666,25.0,0.0,0.0,0.0,0.0,4.0,28.0,4215.0,0.0,64.85,0,8.86,Clear,1,2,0
Gravesend (West),2026-06-03 01:00:00,0.1991353989054322,0.11723163139741587,0.0,0.0003877999910367818,0.002158752884157342,26.0,0.0,0.0,0.0,0.0,5.0,82.0,16182.0,0.0,64.9,0,8.52,Clear,1,2,0
Great Kills-Eltingville,2026-06-03 01:00:00,0.1587958761034601,0.09518905780129679,0.0,0.0,0.0,31.0,0.0,0.0,0.0,0.0,5.0,43.0,0.0,0.0,63.23,0,7.34,Clouds,1,2,0
Greenpoint,2026-06-03 01:00:00,0.17350004896562898,0.18243482012217907,0.3206796986154833,8.045574231535826e-05,0.0005358028758276666,23.0,0.0,0.0,0.0,0.0,18.0,97.0,17633.0,12338.0,65.16,0,6.02,Clouds,1,2,0
Greenwich Village,2026-06-03 01:00:00,0.18319811408708234,0.10426183722131334,0.0,0.0069751372783525304,0.028250892811801875,43.0,0.0,0.0,0.0,0.0,15.0,37.0,52636.0,0.0,65.39,0,5.79,Clouds,1,2,0
Hamilton Heights-Sugar Hill,2026-06-03 01:00:00,0.3266698637377326,0.13858393884599504,0.0,8.045574231535826e-05,0.000994527490578711,64.0,0.0,0.0,0.0,0.0,49.0,127.0,17931.0,0.0,64.94,0,3.89,Clouds,1,2,0
Harlem (North),2026-06-03 01:00:00,0.4411168689337424,0.14725378222060453,0.2915460528645961,8.045574231535826e-05,0.0005358028758276666,149.0,0.0,0.0,0.0,0.0,48.0,142.0,8668.0,18707.0,64.69,0,4.41,Clouds,1,2,0
Harlem (South),2026-06-03 01:00:00,0.24916725687625238,0.12685951764372363,0.10472337165594255,0.0004317303701407062,0.025921673571870908,123.0,0.0,0.0,0.0,0.0,29.0,105.0,36078.0,5782.0,64.76,0,4.41,Clouds,1,2,0
Hell's Kitchen,2026-06-03 01:00:00,0.26623455852034433,0.10563052619622484,0.0,8.045574231535826e-05,0.03710011725674514,129.0,0.0,0.0,0.0,0.0,22.0,79.0,18728.0,0.0,64.98,0,5.37,Clouds,1,2,0
Highbridge,2026-06-03 01:00:00,0.3103556601233214,0.14116203733224647,0.0,0.0,0.0,61.0,0.0,0.0,0.0,0.0,19.0,76.0,0.0,0.0,64.47,0,4.0,Clouds,1,2,0
Gramercy,2026-06-03 01:00:00,0.16080196925779228,0.0924847259488984,0.0,0.004681934055334555,0.11759749868538015,41.0,0.0,0.0,0.0,0.0,7.0,67.0,21331.0,0.0,65.14,0,5.93,Clouds,1,2,0
Highbridge Park,2026-06-03 01:00:00,0.14261917473428096,0.053435282087829925,0.0,0.0,0.0,5.0,0.0,0.0,0.0,0.0,0.0,0.0,0.0,0.0,64.78,0,3.38,Clouds,1,2,0
Highland Park-Cypress Hills Cemeteries (South),2026-06-03 01:00:00,0.141464424213809,0.052294181307440346,0.0,0.0,0.0,5.0,0.0,0.0,0.0,0.0,1.0,2.0,0.0,0.0,64.58,0,7.18,Clear,1,2,0
Hollis,2026-06-03 01:00:00,0.16769789430213441,0.10253947565084029,0.0,0.0,0.0,21.0,0.0,0.0,0.0,0.0,1.0,20.0,0.0,0.0,62.64,0,6.42,Clear,1,2,0
Holy Cross Cemetery,2026-06-03 01:00:00,0.1415935879701409,0.05292710656117391,0.0,0.0,0.0,0.0,0.0,0.0,0.0,0.0,0.0,0.0,0.0,0.0,64.94,0,8.19,Clear,1,2,0
Howard Beach-Lindenwood,2026-06-03 01:00:00,0.13458865443510254,0.12245586251055042,0.18079343926853406,0.0,0.0,20.0,0.0,0.0,0.0,0.0,11.0,27.0,0.0,7745.0,64.45,0,7.63,Clear,1,2,0
Hunts Point,2026-06-03 01:00:00,0.16252977687980077,0.09965441120343103,0.0,0.0,0.0,54.0,0.0,0.0,0.0,0.0,4.0,30.0,0.0,0.0,64.6,0,4.61,Clouds,1,2,0
Hutchinson Metro Center,2026-06-03 01:00:00,0.14273825933925702,0.052294181307440346,0.0,0.0,0.0,6.0,0.0,0.0,0.0,0.0,0.0,2.0,0.0,0.0,63.66,0,3.8,Clouds,1,2,0
Inwood,2026-06-03 01:00:00,0.21440836280962436,0.10237118265344335,0.002349751142710764,0.00016445071404615018,0.003260745703052459,45.0,0.0,0.0,0.0,0.0,20.0,60.0,12596.0,659.0,64.29,0,3.51,Clouds,1,2,0
Inwood Hill Park,2026-06-03 01:00:00,0.14043883744966887,0.05178600578078433,0.0,0.0,0.0,0.0,0.0,0.0,0.0,0.0,0.0,2.0,0.0,0.0,64.29,0,3.51,Clouds,1,2,0
Jackson Heights,2026-06-03 01:00:00,0.23224276528989887,0.18059752545817892,0.262840227516764,0.00010336015504656637,0.0010112670457775024,87.0,0.0,0.0,0.0,0.0,27.0,97.0,28268.0,12609.0,64.67,0,5.59,Clouds,1,2,0
Jacob Riis Park-Fort Tilden-Breezy Point Tip,2026-06-03 01:00:00,0.1415935879701409,0.05292710656117391,0.0,0.0,0.0,0.0,0.0,0.0,0.0,0.0,0.0,0.0,0.0,0.0,64.51,0,8.95,Clear,1,2,0
Jamaica,2026-06-03 01:00:00,0.222411052299119,0.1775126489426809,0.0,0.04534336694578223,0.3134427905726182,195.0,0.0,0.0,0.0,0.0,17.0,70.0,45684.0,0.0,63.01,0,6.53,Clear,1,2,0
Jamaica Estates-Holliswood,2026-06-03 01:00:00,0.13050468498250328,0.07447054814546258,0.0,0.0,0.0,16.0,0.0,0.0,0.0,0.0,3.0,26.0,0.0,0.0,62.47,0,5.97,Clear,1,2,0
Highland Park-Cypress Hills Cemeteries (North),2026-06-03 01:00:00,0.14043883744966887,0.05178600578078433,0.0,0.0,0.0,0.0,0.0,0.0,0.0,0.0,0.0,2.0,0.0,0.0,64.38,0,7.18,Clear,1,2,0
Glendale,2026-06-03 01:00:00,0.2893588613829722,0.23363838510851137,0.0,0.0,0.0,12.0,0.0,0.0,0.0,0.0,18.0,72.0,0.0,0.0,64.38,0,6.64,Clouds,1,2,0
Glen Oaks-Floral Park-New Hyde Park,2026-06-03 01:00:00,0.15079701501126455,0.05882108590109257,0.0,0.0,0.0,13.0,0.0,0.0,0.0,0.0,1.0,15.0,0.0,0.0,61.86,0,5.41,Clear,1,2,0
Freshkills Park (South),2026-06-03 01:00:00,0.1415935879701409,0.05292710656117391,0.0,0.0,0.0,0.0,0.0,0.0,0.0,0.0,0.0,1.0,0.0,0.0,63.37,0,6.11,Clouds,1,2,0
East Flushing,2026-06-03 01:00:00,0.14907029251556903,0.12338725604672501,0.38373937080881243,0.0,0.0,26.0,0.0,0.0,0.0,0.0,0.0,21.0,0.0,6726.0,63.59,0,5.61,Clouds,1,2,0
East Harlem (North),2026-06-03 01:00:00,0.29385696368490744,0.2011619914122952,0.09081222302246879,0.00997716629320857,0.17691774761836093,137.0,0.0,0.0,0.0,0.0,27.0,94.0,21506.0,1341.0,64.8,0,4.41,Clouds,1,2,0
East Harlem (South),2026-06-03 01:00:00,0.24449175148882005,0.1615774319454648,0.008402959996787005,8.045574231535826e-05,0.0010250854749693972,91.0,0.0,0.0,0.0,0.0,22.0,75.0,25872.0,478.0,64.92,0,4.94,Clouds,1,2,0
East Midtown-Turtle Bay,2026-06-03 01:00:00,0.2128802054930824,0.08135878821142943,0.0,0.057786753792797914,0.052450313307041495,42.0,0.0,0.0,0.0,0.0,4.0,45.0,138411.0,0.0,65.05,0,5.37,Clouds,1,2,0
East New York (North),2026-06-03 01:00:00,0.18490102160819052,0.10303057139419636,0.0,0.0004317303701407062,0.0016308347228094077,122.0,0.0,0.0,0.0,0.0,7.0,73.0,4941.0,0.0,64.67,0,7.18,Clear,1,2,0
East New York-City Line,2026-06-03 01:00:00,0.2437883087515881,0.09525343114999435,0.01073046748704407,8.045574231535826e-05,0.0005358028758276666,69.0,0.0,0.0,0.0,0.0,13.0,59.0,11748.0,3689.0,64.56,0,7.18,Clear,1,2,0
East New York-New Lots,2026-06-03 01:00:00,0.1938355036709646,0.12179494073500613,0.05019578286229738,8.045574231535826e-05,0.0005663608602183528,106.0,0.0,0.0,0.0,0.0,14.0,81.0,7541.0,7231.0,64.76,0,7.7,Clear,1,2,0
East Village,2026-06-03 01:00:00,0.2616478602192078,0.17096990352257307,0.0,0.0063307149081176205,0.039403125139736844,100.0,0.0,0.0,0.0,0.0,44.0,108.0,36740.0,0.0,65.14,0,5.93,Clouds,1,2,0
East Williamsburg,2026-06-03 01:00:00,0.25725551680248543,0.23066143127692582,0.31000924022367277,8.045574231535826e-05,0.003971896566752933,73.0,0.0,0.0,0.0,0.0,22.0,82.0,31800.0,18414.0,65.05,0,6.6,Clouds,1,2,0
Eastchester-Edenwald-Baychester,2026-06-03 01:00:00,0.2077959902817723,0.13269759995163702,0.31162664869972284,8.045574231535826e-05,0.0005358028758276666,75.0,0.0,0.0,0.0,0.0,14.0,46.0,4981.0,6884.0,63.39,0,3.4,Clouds,1,2,0
Elmhurst,2026-06-03 01:00:00,0.29554933866422,0.1786639195102927,0.0,0.039133166684720194,0.21362514643800057,103.0,0.0,0.0,0.0,0.0,35.0,106.0,25921.0,0.0,64.69,0,5.59,Clouds,1,2,0
Far Rockaway-Bayswater,2026-06-03 01:00:00,0.19690611185147328,0.13247977267303362,0.0,0.00013358714012196037,0.0008784528356341989,82.0,0.0,0.0,0.0,0.0,14.0,54.0,3693.0,0.0,62.49,0,7.74,Clear,1,2,0
Ferry Point Park-St. Raymond Cemetery,2026-06-03 01:00:00,0.12298887949387155,0.04976693711092247,0.0,0.0,0.0,2.0,0.0,0.0,0.0,0.0,2.0,2.0,0.0,0.0,64.51,0,4.72,Clouds,1,2,0
Financial District-Battery Park City,2026-06-03 01:00:00,0.19100818098165465,0.11221101652554409,0.26765707339660716,0.07763088877307905,0.057288131158606696,58.0,0.0,0.0,0.0,0.0,14.0,94.0,12592.0,7411.0,65.21,0,6.38,Clouds,1,2,0
Flatbush,2026-06-03 01:00:00,0.2696794094150969,0.10559797099430486,0.28147231185036714,0.0004317303701407062,0.0016308347228094077,76.0,0.0,0.0,0.0,0.0,31.0,85.0,13188.0,8780.0,64.96,0,7.72,Clear,1,2,0
Flatbush (West)-Ditmas Park-Parkville,2026-06-03 01:00:00,0.20429243881751746,0.12860017625425216,0.0,0.002630064199180609,0.002367344906177282,30.0,0.0,0.0,0.0,0.0,11.0,84.0,14824.0,0.0,64.96,0,8.12,Clear,1,2,0
Flatlands,2026-06-03 01:00:00,0.1739139889170529,0.0952941953647198,0.0,0.0,0.0,53.0,0.0,0.0,0.0,0.0,3.0,44.0,0.0,0.0,64.9,0,8.19,Clear,1,2,0
Flushing Meadows-Corona Park,2026-06-03 01:00:00,0.2996771106226363,0.1748972520304766,0.2557733018073068,0.010294828285665865,0.07013951967802351,10.0,0.0,0.0,0.0,0.0,5.0,7.0,31537.0,10063.0,64.45,0,6.08,Clouds,1,2,0
Flushing-Willets Point,2026-06-03 01:00:00,0.2672619813836093,0.19585429841903249,0.494052869472404,0.011973340076154977,0.16178719780855433,68.0,0.0,0.0,0.0,0.0,6.0,34.0,51678.0,10277.0,64.72,0,5.61,Clouds,1,2,0
Fordham Heights,2026-06-03 01:00:00,0.29018804037455853,0.07767825192833683,0.0,8.045574231535826e-05,0.0005358028758276666,71.0,0.0,0.0,0.0,0.0,26.0,70.0,12250.0,0.0,64.2,0,3.51,Clouds,1,2,0
Forest Hills,2026-06-03 01:00:00,0.23482611982052148,0.1362407703510624,0.1901888692526784,0.0003877999910367818,0.002158752884157342,48.0,0.0,0.0,0.0,0.0,22.0,87.0,16993.0,1480.0,64.47,0,6.08,Clouds,1,2,0
Forest Park,2026-06-03 01:00:00,0.14043883744966887,0.05178600578078433,0.0,0.0,0.0,0.0,0.0,0.0,0.0,0.0,0.0,2.0,0.0,0.0,64.29,0,6.6,Clear,1,2,0
Fort Greene,2026-06-03 01:00:00,0.17393410841051266,0.1903264541160013,0.28001848944454183,0.006815458140521535,0.045948042970681814,43.0,0.0,0.0,0.0,0.0,10.0,41.0,17448.0,5789.0,65.01,0,6.49,Clouds,1,2,0
Fort Hamilton,2026-06-03 01:00:00,0.1415935879701409,0.05292710656117391,0.0,0.0,0.0,0.0,0.0,0.0,0.0,0.0,0.0,1.0,0.0,0.0,64.78,0,8.37,Clear,1,2,0
Fort Totten,2026-06-03 01:00:00,0.1415935879701409,0.05292710656117391,0.0,0.0,0.0,0.0,0.0,0.0,0.0,0.0,0.0,1.0,0.0,0.0,63.32,0,5.21,Clouds,1,2,0
Fresh Meadows-Utopia,2026-06-03 01:00:00,0.15374485169577856,0.057592087665291974,0.0,0.0,0.0,14.0,0.0,0.0,0.0,0.0,1.0,15.0,0.0,0.0,63.05,0,5.97,Clear,1,2,0
Freshkills Park (North),2026-06-03 01:00:00,0.1415935879701409,0.053435282087829925,0.0,0.0,0.0,4.0,0.0,0.0,0.0,0.0,0.0,0.0,0.0,0.0,63.36,0,6.31,Clouds,1,2,0
East Flatbush-Remsen Village,2026-06-03 01:00:00,0.17552439543915924,0.11089993622189392,0.09049181982398144,0.0,0.0,51.0,0.0,0.0,0.0,0.0,7.0,31.0,0.0,2846.0,64.89,0,7.76,Clear,1,2,0
Yankee Stadium-Macombs Dam Park,2026-06-03 01:00:00,0.14493720834604967,0.05914027742405497,0.0,0.0,0.0,12.0,0.0,0.0,0.0,0.0,0.0,2.0,0.0,0.0,64.45,0,4.0,Clouds,1,2,0
