ntaname,prediction_time,prob_active_noise_next_2h,prob_active_complaints_next_2h,prob_high_traffic_volume_next_2h,prob_active_subway_ridership_next_2h,prob_active_subway_transfers_next_2h,crime_last_7d,crashes_last_7d,persons_injured_last_7d,pedestrians_injured_last_7d,cyclists_injured_last_7d,noise_last_24h,complaints_last_24h,subway_ridership_last_24h,traffic_volume_last_24h,temp_f,precip_prob,wind_mph,weather_main,hour,day_of_week,is_weekend,bluesky_noise_signal,bluesky_traffic_signal,bluesky_crowding_signal,bluesky_transit_signal,bluesky_event_signal,bluesky_safety_signal,bluesky_negative_signal,bluesky_post_count,nearby_events_count,nearby_event_titles,nearby_event_types,has_major_event,latitude,longitude
Allerton,2026-06-03 01:00:00,0.1487279951376362,0.095110032209362,0.0,8.045574231535826e-05,0.0005358028758276,53.0,0.0,0.0,0.0,0.0,5.0,27.0,3315.0,0.0,63.61,0,3.67,Clouds,1,2,0,0.0,0.0,0.0,0.0,0.0,0.0,0.0,0.0,0,0,0,0,40.86401493246863,-73.86420373620602
Murray Hill-Kips Bay,2026-06-03 01:00:00,0.2774271992926223,0.1836197517370438,0.0,0.0,0.0,33.0,0.0,0.0,0.0,0.0,26.0,89.0,0.0,0.0,65.1,0,5.37,Clouds,1,2,0,0.0,0.0,0.0,0.0,0.0,0.0,0.0,0.0,10,"STEELY DAN Revue: KING OF THE WORLD Playing Steely Dan's Greatest Hits, Austin Nasso, The Town Hall Presents Kierra Sheard-Kelly: The Princess of Gospel","Music, Arts & Theatre, Sports",1,40.74424994979103,-73.975947718603
New Dorp-Midland Beach,2026-06-03 01:00:00,0.1668100948225117,0.1144663509705792,0.0,0.0,0.0,24.0,0.0,0.0,0.0,0.0,11.0,47.0,0.0,0.0,63.61,0,7.63,Clouds,1,2,0,0.0,0.0,0.0,0.0,0.0,0.0,0.0,0.0,0,0,0,0,40.57431533844625,-74.10158604711995
New Springville-Willowbrook-Bulls Head-Travis,2026-06-03 01:00:00,0.1600845570051826,0.0924241114782124,0.0,0.0,0.0,25.0,0.0,0.0,0.0,0.0,5.0,35.0,0.0,0.0,63.61,0,5.88,Clouds,1,2,0,0.0,0.0,0.0,0.0,0.0,0.0,0.0,0.0,0,0,0,0,40.6037287562587,-74.1754549128469
North Corona,2026-06-03 01:00:00,0.1542926651037615,0.0858989684634114,0.0,8.045574231535826e-05,0.0005358028758276,36.0,0.0,0.0,0.0,0.0,6.0,28.0,11115.0,0.0,64.63,0,5.59,Clouds,1,2,0,0.0,0.0,0.0,0.0,0.0,0.0,0.0,0.0,10,"New York Mets vs. St. Louis Cardinals, New York Mets vs St. Louis Cardinals: Mets Soccer Jersey, New York Mets vs. Atlanta Braves",Sports,1,40.75405275969907,-73.86285165129884
Norwood,2026-06-03 01:00:00,0.2165860533828583,0.1015925711340786,0.0,0.0001644507140461,0.0032607457030524,79.0,0.0,0.0,0.0,0.0,16.0,64.0,11698.0,0.0,63.68,0,3.22,Clouds,1,2,0,0.0,0.0,0.0,0.0,0.0,0.0,0.0,0.0,10,"Elite Stars Dance Academy 2.0, Elite Dance Stars 3.0, Dance Theatre of Harlem","Arts & Theatre, Music",1,40.87714128311716,-73.87901913214166
Oakland Gardens-Hollis Hills,2026-06-03 01:00:00,0.1553925282123781,0.050981991114374,0.0,0.0,0.0,4.0,0.0,0.0,0.0,0.0,0.0,8.0,0.0,0.0,62.11,0,5.79,Clear,1,2,0,0.0,0.0,0.0,0.0,0.0,0.0,0.0,0.0,0,0,0,0,40.7393068892191,-73.75457782856212
Oakwood-Richmondtown,2026-06-03 01:00:00,0.1432268979243524,0.071817035553212,0.0,0.0,0.0,8.0,0.0,0.0,0.0,0.0,2.0,26.0,0.0,0.0,63.64,0,7.63,Clouds,1,2,0,0.0,0.0,0.0,0.0,0.0,0.0,0.0,0.0,0,0,0,0,40.56199923505495,-74.12259139242468
Ocean Hill,2026-06-03 01:00:00,0.2411896214502156,0.095796725601339,0.2459912277277793,0.0017097249916272,0.0240985202594647,78.0,0.0,0.0,0.0,0.0,20.0,58.0,15286.0,2613.0,64.72,0,7.2,Clear,1,2,0,0.0,0.0,0.0,0.0,0.0,0.0,1.0,1.0,0,0,0,0,40.67663776915847,-73.91364725581747
Old Astoria-Hallets Point,2026-06-03 01:00:00,0.1425587878532365,0.0950045915152585,0.0,0.0,0.0,17.0,0.0,0.0,0.0,0.0,5.0,29.0,0.0,0.0,64.99,0,4.94,Clouds,1,2,0,0.0,0.0,0.0,0.0,0.0,0.0,0.0,0.0,2,"Green Velvet, Elefante (18+)",Music,1,40.77208841350469,-73.931419134738
Ozone Park,2026-06-03 01:00:00,0.1468135945398893,0.0826133936807677,0.0,0.0001033601550465,0.0010112670457775,19.0,0.0,0.0,0.0,0.0,4.0,22.0,11004.0,0.0,64.4,0,7.14,Clear,1,2,0,0.0,0.0,0.0,0.0,0.0,0.0,0.0,0.0,0,0,0,0,40.67557089288657,-73.84701425567653
Ozone Park (North),2026-06-03 01:00:00,0.1648774593143709,0.1055103404158571,0.0,0.0,0.0,22.0,0.0,0.0,0.0,0.0,4.0,31.0,0.0,0.0,64.4,0,7.14,Clear,1,2,0,0.0,0.0,0.0,0.0,0.0,0.0,0.0,0.0,0,0,0,0,40.68456311423461,-73.84936707296298
Park Slope,2026-06-03 01:00:00,0.1855402381780502,0.1864644663344514,0.219908369734197,0.0654868136478691,0.0387792274160419,51.0,0.0,0.0,0.0,0.0,15.0,87.0,57964.0,11815.0,64.87,0,7.09,Clouds,1,2,0,0.0,0.0,0.5,0.0,1.0,0.5,0.0,2.0,10,"That's Messed Up LIVE!, Liza Treyger Presents Show and Tell, Carin Leon - De Sonora Para El Mundo Tour 2026","Arts & Theatre, Music, Miscellaneous",1,40.67183206942073,-73.9797593534305
Murray Hill-Broadway Flushing,2026-06-03 01:00:00,0.1269848773347601,0.1305189089100177,0.3166831943970928,0.0,0.0,23.0,0.0,0.0,0.0,0.0,7.0,57.0,0.0,3754.0,63.52,0,5.61,Clouds,1,2,0,0.0,0.0,0.0,0.0,0.0,0.0,0.0,0.0,0,0,0,0,40.76887166783355,-73.81076982857023
Parkchester,2026-06-03 01:00:00,0.1361543086231451,0.0691738358372759,0.0,0.0,0.0,18.0,0.0,0.0,0.0,0.0,2.0,12.0,0.0,0.0,64.38,0,4.25,Clouds,1,2,0,0.0,0.0,0.0,0.0,0.0,0.0,0.0,0.0,0,0,0,0,40.83774659242486,-73.85798885689918
Pelham Bay-Country Club-City Island,2026-06-03 01:00:00,0.1805187636198414,0.1134372774180606,0.0,0.0004317303701407,0.0016308347228094,34.0,0.0,0.0,0.0,0.0,8.0,41.0,7448.0,0.0,63.59,0,3.96,Clouds,1,2,0,0.0,0.0,0.0,0.0,0.0,0.0,0.0,0.0,0,0,0,0,40.845591646820566,-73.81153785434297
Pelham Gardens,2026-06-03 01:00:00,0.1164345848470691,0.102498729960487,0.287361329095288,8.045574231535826e-05,0.0005358028758276,21.0,0.0,0.0,0.0,0.0,4.0,32.0,5482.0,7551.0,63.39,0,3.8,Clouds,1,2,0,0.0,0.0,0.0,0.0,0.0,0.0,0.0,0.0,0,0,0,0,40.86424699054363,-73.84669312050869
Pelham Parkway-Van Nest,2026-06-03 01:00:00,0.3374279192773455,0.3276977156620993,0.0338362367391445,8.045574231535826e-05,0.0005358028758276,43.0,0.0,0.0,0.0,0.0,22.0,51.0,5098.0,18309.0,64.24,0,3.67,Clouds,1,2,0,0.0,0.0,0.0,0.0,0.0,0.0,0.0,0.0,0,0,0,0,40.84789792343957,-73.86496703703544
Pomonok-Electchester-Hillcrest,2026-06-03 01:00:00,0.5480138748976182,0.3334473053256165,0.0,0.0,0.0,23.0,0.0,0.0,0.0,0.0,48.0,86.0,0.0,0.0,63.23,0,6.04,Clear,1,2,0,0.0,0.0,0.0,0.0,0.0,0.0,0.0,0.0,4,"NYCFC II vs. Carolina Core FC, NYCFC II vs. Chattanooga FC, NYCFC II vs. Philadelphia Union II",Sports,1,40.727068060088875,-73.80342199907302
Port Richmond,2026-06-03 01:00:00,0.1517265230303923,0.0922543831392975,0.0,0.0,0.0,35.0,0.0,0.0,0.0,0.0,2.0,18.0,0.0,0.0,64.56,0,6.55,Clouds,1,2,0,0.0,0.0,0.0,0.0,0.0,0.0,0.0,0.0,0,0,0,0,40.633833852019414,-74.13317705359312
Prospect Heights,2026-06-03 01:00:00,0.2678830391731709,0.2307807824581179,0.0,8.045574231535826e-05,0.0005358028758276,20.0,0.0,0.0,0.0,0.0,17.0,53.0,7914.0,0.0,64.83,0,7.09,Clouds,1,2,0,0.0,0.0,0.0,1.0,0.0,0.0,0.0,1.0,10,"Carin Leon - De Sonora Para El Mundo Tour 2026, Lunar Sway by Nick Butler, NARRATIVE SHORTS | SOULmeet","Music, Film, Miscellaneous",1,40.67760470324895,-73.9675723699146
Prospect Lefferts Gardens-Wingate,2026-06-03 01:00:00,0.2621623659080394,0.1406248631454335,0.0028354934748017,8.045574231535826e-05,0.0005663608602183,44.0,0.0,0.0,0.0,0.0,20.0,79.0,8552.0,6624.0,64.9,0,7.72,Clear,1,2,0,0.0,0.0,0.0,0.0,0.0,0.0,0.0,0.0,0,0,0,0,40.65975736606931,-73.94796184852231
Prospect Park,2026-06-03 01:00:00,0.1405594997618645,0.0502060105352873,0.0,8.045574231535826e-05,0.0005358028758276,4.0,0.0,0.0,0.0,0.0,1.0,6.0,3548.0,0.0,64.69,0,7.63,Clear,1,2,0,0.3333333333333333,0.3333333333333333,0.3333333333333333,0.6666666666666666,0.3333333333333333,0.6666666666666666,0.3333333333333333,3.0,3,"Benefit Show: Patti LaBelle + Lady Wray + morernbplease, Royel Otis meet me in the car tour, Liz Phair & Sleater-Kinney: The Flannel and The Fury 2026",Music,1,40.66160271090382,-73.96892066865843
Queens Village,2026-06-03 01:00:00,0.2022809195668126,0.1229473615553442,0.0,0.0,0.0,52.0,0.0,0.0,0.0,0.0,13.0,43.0,0.0,0.0,62.2,0,6.15,Clear,1,2,0,0.0,0.0,0.0,0.0,0.0,0.0,0.0,0.0,10,"International Soccer Watch Party: USA v. Australia, International Soccer Watch Party: Brazil v. Haiti, MANILOW: The Last Long Island Concert","Sports, Music, Arts & Theatre",1,40.71608417656449,-73.74175489319208
Queensboro Hill,2026-06-03 01:00:00,0.1203688172648493,0.0557697814588493,0.0,0.0,0.0,8.0,0.0,0.0,0.0,0.0,3.0,16.0,0.0,0.0,64.04,0,5.61,Clouds,1,2,0,0.0,0.0,0.0,0.0,0.0,0.0,0.0,0.0,8,"Governors Ball Music Festival, LVL UP ACADEMY ANNUAL RECITAL, SexBomb Get, Get Aw! US Tour","Miscellaneous, Arts & Theatre, Music",1,40.74310114381317,-73.8196841508459
Queensbridge-Ravenswood-Dutch Kills,2026-06-03 01:00:00,0.2723043754839521,0.1928061388038297,0.0,0.0041456645071651,0.03613880525484,74.0,0.0,0.0,0.0,0.0,24.0,98.0,24215.0,0.0,65.28,0,5.46,Clouds,1,2,0,0.0,0.0,0.0,0.0,0.0,0.0,0.0,0.0,1,Elefante (18+),Music,1,40.75831913537943,-73.93793241553735
Randall's Island,2026-06-03 01:00:00,0.1520208257084219,0.0558402236543462,0.0,0.0,0.0,10.0,0.0,0.0,0.0,0.0,1.0,1.0,0.0,0.0,64.9,0,5.03,Clouds,1,2,0,1.0,0.0,0.0,1.0,1.0,1.0,1.0,1.0,10,"NYCFC II vs. Chattanooga FC, NYCFC II vs. Columbus Crew 2, NYCFC II vs. Philadelphia Union II","Sports, Music, Miscellaneous",1,40.79100197882935,-73.9245965627809
Pelham Bay Park,2026-06-03 01:00:00,0.1415935879701409,0.0534352820878299,0.0,0.0,0.0,3.0,0.0,0.0,0.0,0.0,0.0,1.0,0.0,0.0,63.59,0,3.96,Clouds,1,2,0,0.0,0.0,0.0,0.0,0.0,0.0,0.0,0.0,0,0,0,0,40.86824933431924,-73.80787616329272
Mount Olivet & All Faiths Cemeteries,2026-06-03 01:00:00,0.1411425901092053,0.0523088167123767,0.0,0.0,0.0,2.0,0.0,0.0,0.0,0.0,0.0,3.0,0.0,0.0,64.49,0,6.64,Clouds,1,2,0,0.0,0.0,0.0,0.0,0.0,0.0,0.0,0.0,0,0,0,0,40.71724149811978,-73.89398092071808
Mount Hope,2026-06-03 01:00:00,0.2874364695313836,0.1443802689250503,0.0,8.045574231535826e-05,0.0005358028758276,106.0,0.0,0.0,0.0,0.0,47.0,81.0,9483.0,0.0,64.35,0,3.51,Clouds,1,2,0,0.0,0.0,0.0,0.0,0.0,0.0,0.0,0.0,0,0,0,0,40.84986542679935,-73.9044167675532
Mount Eden-Claremont (West),2026-06-03 01:00:00,0.2243176178056511,0.1052529055896189,0.0,8.045574231535826e-05,0.0005358028758276,128.0,0.0,0.0,0.0,0.0,31.0,76.0,8947.0,0.0,64.33,0,4.0,Clouds,1,2,0,0.0,0.0,0.0,0.0,0.0,0.0,0.0,0.0,0,0,0,0,40.84048001404528,-73.91442830295684
Kew Gardens Hills,2026-06-03 01:00:00,0.1356994472010267,0.106702678009007,0.1640236899653616,0.0,0.0,26.0,0.0,0.0,0.0,0.0,0.0,24.0,0.0,4372.0,63.95,0,6.04,Clear,1,2,0,0.0,0.0,0.0,0.0,0.0,0.0,0.0,0.0,10,"The Governors Ball Music Festival, Governors Ball Music Festival, LVL UP ACADEMY ANNUAL RECITAL","Music, Miscellaneous, Arts & Theatre",1,40.726645861834086,-73.8197929883983
Kingsbridge Heights-Van Cortlandt Village,2026-06-03 01:00:00,0.2459128341245335,0.1811336729359818,0.0,0.0,0.0,37.0,0.0,0.0,0.0,0.0,17.0,55.0,0.0,0.0,63.84,0,3.06,Clouds,1,2,0,0.0,0.0,0.0,0.0,0.0,0.0,0.0,0.0,10,"Elite Stars Dance Academy 2.0, Elite Dance Stars 3.0, Dance Theatre of Harlem","Arts & Theatre, Music",1,40.877680784626705,-73.89908178590669
Kingsbridge-Marble Hill,2026-06-03 01:00:00,0.2059003752290785,0.0780746933643115,0.0,0.0001335871401219,0.0008784528356341,55.0,0.0,0.0,0.0,0.0,10.0,50.0,11283.0,0.0,64.04,0,3.06,Clouds,1,2,0,0.0,0.0,0.0,0.0,0.0,0.0,0.0,0.0,10,"Elite Stars Dance Academy 2.0, Elite Dance Stars 3.0, Dance Theatre of Harlem","Arts & Theatre, Music",1,40.88084033728305,-73.90572939582606
Kissena Park,2026-06-03 01:00:00,0.1404388374496688,0.0517860057807843,0.0,0.0,0.0,1.0,0.0,0.0,0.0,0.0,0.0,2.0,0.0,0.0,63.37,0,5.61,Clouds,1,2,0,0.0,0.0,0.0,0.0,0.0,0.0,0.0,0.0,6,"LVL UP ACADEMY ANNUAL RECITAL, SexBomb Get, Get Aw! US Tour, Santiago Cruz: Sigo En Pie Tour","Arts & Theatre, Music",1,40.745318650839394,-73.80487988772562
LaGuardia Airport,2026-06-03 01:00:00,0.15464344554697,0.0565622131381626,0.0,0.0,0.0,9.0,0.0,0.0,0.0,0.0,0.0,4.0,0.0,0.0,64.78,0,5.1,Clouds,1,2,0,0.0,0.0,0.0,0.0,0.0,0.0,0.0,0.0,0,0,0,0,40.774407743506636,-73.87325503157338
Laurelton,2026-06-03 01:00:00,0.1696853696383211,0.0900392555605724,0.0,0.0,0.0,18.0,0.0,0.0,0.0,0.0,1.0,19.0,0.0,0.0,62.29,0,6.53,Clear,1,2,0,0.0,0.0,0.0,0.0,0.0,0.0,0.0,0.0,0,0,0,0,40.67591390706407,-73.74450453188149
Lincoln Terrace Park,2026-06-03 01:00:00,0.1415935879701409,0.0529271065611739,0.0,0.0,0.0,2.0,0.0,0.0,0.0,0.0,0.0,0.0,0.0,0.0,64.87,0,7.2,Clear,1,2,0,0.0,0.0,0.0,0.0,0.0,0.0,0.0,0.0,0,0,0,0,40.666861000760456,-73.92681581070025
Long Island City-Hunters Point,2026-06-03 01:00:00,0.1349698975034681,0.1836734741922835,0.1807340067580367,0.0200711332224916,0.2333773016837995,36.0,0.0,0.0,0.0,0.0,8.0,111.0,37434.0,5054.0,65.35,0,5.46,Clouds,1,2,0,0.0,0.0,0.0,0.0,0.0,0.0,0.0,0.0,0,0,0,0,40.74537995085192,-73.94890852398585
Longwood,2026-06-03 01:00:00,0.2252465453520133,0.097924608204996,0.0,0.0001644507140461,0.0071221316469861,80.0,0.0,0.0,0.0,0.0,24.0,66.0,10099.0,0.0,64.53,0,4.0,Clouds,1,2,0,1.0,0.0,0.0,0.0,1.0,0.0,1.0,1.0,0,0,0,0,40.820968149166184,-73.89656250944937
Lower East Side,2026-06-03 01:00:00,0.1554813445881121,0.0971006311268753,0.2961210769500482,0.0069751372783525,0.0282508928118018,86.0,0.0,0.0,0.0,0.0,37.0,65.0,47807.0,47729.0,65.14,0,5.93,Clouds,1,2,0,0.5,0.5,0.5,0.0,0.5,1.0,0.0,2.0,10,"CALVIN LECOMPTE, The Banksy Museum New York!, Kings & Constables | Homebase | Blindspot | Fallow Days","Music, Arts & Theatre",1,40.716956706486485,-73.98383628254999
Madison,2026-06-03 01:00:00,0.1604416967609263,0.0581596058979091,0.0,0.0004317303701407,0.0016308347228094,16.0,0.0,0.0,0.0,0.0,4.0,30.0,16639.0,0.0,64.89,0,8.63,Clear,1,2,0,0.75,0.375,0.75,0.25,1.0,0.6875,0.3125,4.0,0,0,0,0,40.60491399961341,-73.94813557854792
Manhattanville-West Harlem,2026-06-03 01:00:00,0.1828339675217239,0.0834779557115255,0.0,8.045574231535826e-05,0.0005358028758276,38.0,0.0,0.0,0.0,0.0,10.0,71.0,12681.0,0.0,64.53,0,4.41,Clouds,1,2,0,0.0,0.0,0.0,0.0,0.0,0.0,0.0,0.0,5,"TEDxHarlem: A State of Mind					, Apollo Presents: A Visible Life, Apollo Works in Process: A Little Light					","Miscellaneous, Arts & Theatre",0,40.81802284173189,-73.95382233670341
Mapleton-Midwood (West),2026-06-03 01:00:00,0.1713798985665404,0.0788134694705792,0.0,8.045574231535826e-05,0.0005358028758276,26.0,0.0,0.0,0.0,0.0,0.0,39.0,3347.0,0.0,64.87,0,8.12,Clear,1,2,0,0.0,0.0,0.0,0.0,0.0,0.0,0.0,0.0,0,0,0,0,40.61931907656502,-73.9733184879368
Marine Park-Mill Basin-Bergen Beach,2026-06-03 01:00:00,0.1774462409007426,0.0983968536711565,0.0,0.0,0.0,32.0,0.0,0.0,0.0,0.0,6.0,44.0,0.0,0.0,64.85,0,8.21,Clear,1,2,0,0.0,0.0,0.0,0.0,0.0,0.0,0.0,0.0,0,0,0,0,40.6149762272305,-73.91853650723073
Marine Park-Plumb Island,2026-06-03 01:00:00,0.1436580874346007,0.053014338832533,0.0,0.0,0.0,2.0,0.0,0.0,0.0,0.0,1.0,4.0,0.0,0.0,64.81,0,8.66,Clear,1,2,0,0.0,0.0,0.0,0.0,0.0,0.0,0.0,0.0,0,0,0,0,40.59404855677635,-73.91624691512797
Mariner's Harbor-Arlington-Graniteville,2026-06-03 01:00:00,0.1484752470480806,0.0994065467886289,0.0,0.0,0.0,46.0,0.0,0.0,0.0,0.0,3.0,27.0,0.0,0.0,64.2,0,6.55,Clouds,1,2,0,0.0,0.0,0.0,0.0,0.0,0.0,0.0,0.0,0,0,0,0,40.63133329703422,-74.16736750198088
Maspeth,2026-06-03 01:00:00,0.1809712601012006,0.2344653199158163,0.490406956255517,0.0,0.0,26.0,0.0,0.0,0.0,0.0,7.0,80.0,0.0,8732.0,64.65,0,6.06,Clouds,1,2,0,0.0,0.0,0.0,0.0,0.0,0.0,0.0,0.0,0,0,0,0,40.723062457711904,-73.90512096647356
McGuire Fields,2026-06-03 01:00:00,0.1404388374496688,0.0517860057807843,0.0,0.0,0.0,0.0,0.0,0.0,0.0,0.0,0.0,2.0,0.0,0.0,64.74,0,8.66,Clear,1,2,0,0.0,0.0,0.0,0.0,0.0,0.0,0.0,0.0,0,0,0,0,40.61238086308253,-73.8969582779811
Melrose,2026-06-03 01:00:00,0.2333983090225446,0.101218492873417,0.0,0.0001335871401219,0.0008784528356341,109.0,0.0,0.0,0.0,0.0,17.0,62.0,16887.0,0.0,64.6,0,4.52,Clouds,1,2,0,0.0,0.0,0.0,0.0,0.0,0.0,0.0,0.0,0,0,0,0,40.81825968396842,-73.91285016647586
Middle Village,2026-06-03 01:00:00,0.1550844456282608,0.098855243789343,0.0,0.0,0.0,30.0,0.0,0.0,0.0,0.0,6.0,43.0,0.0,0.0,64.56,0,6.08,Clouds,1,2,0,0.0,0.0,0.0,0.0,0.0,0.0,0.0,0.0,0,0,0,0,40.71922298650288,-73.87812709286061
Midtown South-Flatiron-Union Square,2026-06-03 01:00:00,0.2499934133148291,0.1633237698576458,0.0,0.1327946522247617,0.1970752181109188,135.0,0.0,0.0,0.0,0.0,13.0,97.0,238587.0,0.0,65.14,0,5.93,Clouds,1,2,0,0.0,0.0,0.0,0.0,0.0,0.0,0.0,0.0,10,"STEELY DAN Revue: KING OF THE WORLD Playing Steely Dan's Greatest Hits, Austin Nasso, Schmigadoon!","Music, Arts & Theatre, Undefined",1,40.744042239927616,-73.98975142329161
Midtown-Times Square,2026-06-03 01:00:00,0.3045775585021523,0.2266146536961963,0.0,0.1274394725894883,0.1857437212773871,260.0,0.0,0.0,0.0,0.0,20.0,120.0,124992.0,0.0,64.98,0,5.37,Clouds,1,2,0,0.0,0.0,0.0,0.0,0.0,0.0,0.0,0.0,10,"The Fear of 13, Maybe Happy Ending, The Lost Boys","Arts & Theatre, Music",1,40.75780178762228,-73.98160905473354
Midwood,2026-06-03 01:00:00,0.1610014239179542,0.1745521344588953,0.0026955118767458,8.045574231535826e-05,0.0005663608602183,34.0,0.0,0.0,0.0,0.0,6.0,46.0,10596.0,6267.0,64.9,0,8.19,Clear,1,2,0,0.0,0.0,0.0,0.0,0.0,0.0,0.0,0.0,0,0,0,0,40.62036987274759,-73.9555929637257
Morningside Heights,2026-06-03 01:00:00,0.2314306678129506,0.0701802811944066,0.0,0.0042086522941916,0.1080105265218972,26.0,0.0,0.0,0.0,0.0,1.0,17.0,34442.0,0.0,64.72,0,4.41,Clouds,1,2,0,0.0,0.0,0.0,0.0,0.0,1.0,0.0,1.0,5,"TEDxHarlem: A State of Mind					, Apollo Presents: A Visible Life, Apollo Works in Process: A Little Light					","Miscellaneous, Arts & Theatre",0,40.80945886172743,-73.9617643189429
Morris Park,2026-06-03 01:00:00,0.1311505982891152,0.1024417590471408,0.0055038942854472,8.045574231535826e-05,0.0005358028758276,36.0,0.0,0.0,0.0,0.0,3.0,33.0,2000.0,3411.0,63.54,0,3.8,Clouds,1,2,0,0.0,0.0,0.0,0.0,0.0,0.0,0.0,0.0,0,0,0,0,40.851793001466234,-73.85168711454111
Morrisania,2026-06-03 01:00:00,0.196873726675872,0.1715878774247401,0.0,0.0,0.0,90.0,0.0,0.0,0.0,0.0,12.0,60.0,0.0,0.0,64.42,0,4.0,Clouds,1,2,0,0.0,0.0,0.0,0.0,0.0,0.0,0.0,0.0,0,0,0,0,40.827294906295464,-73.90474164697157
Mott Haven-Port Morris,2026-06-03 01:00:00,0.2247890305511647,0.2176125107934258,0.0073948322827589,8.045574231535826e-05,0.0023377637738239,178.0,0.0,0.0,0.0,0.0,20.0,74.0,18207.0,25600.0,64.67,0,4.52,Clouds,1,2,0,0.0,0.0,0.0,0.0,0.0,0.0,0.0,0.0,6,"Zedd In The Park NYC - FRIDAY TICKET, FERRY PASS - ZEDD IN THE PARK - FRIDAY ONLY, FERRY PASS - ZEDD IN THE PARK - 2 DAY PASS","Music, Miscellaneous",1,40.80752516272124,-73.91724299376779
Rego Park,2026-06-03 01:00:00,0.144844493344861,0.0530763652526022,0.0,8.045574231535826e-05,0.0005358028758276,16.0,0.0,0.0,0.0,0.0,3.0,21.0,10408.0,0.0,64.58,0,6.08,Clouds,1,2,0,0.0,0.0,0.0,0.0,0.0,0.0,0.0,0.0,10,"21st Anniversary of ""I'm Wide Awake..."" and ""Digital Ash..."", Bright Eyes w/ Built To Spill, Dave Matthews Band","Music, Undefined",1,40.72623717108875,-73.86341992356039
Kew Gardens,2026-06-03 01:00:00,0.1354773217730574,0.0813814432347788,0.0,8.045574231535826e-05,0.0005358028758276,20.0,0.0,0.0,0.0,0.0,6.0,16.0,7794.0,0.0,64.17,0,6.6,Clear,1,2,0,0.0,0.0,0.0,0.0,0.0,0.0,0.0,0.0,2,The Governors Ball Music Festival,Music,1,40.708033813625875,-73.82875589118534
Richmond Hill,2026-06-03 01:00:00,0.1403067704875492,0.0975068910597537,0.0,8.045574231535826e-05,0.0005663608602183,38.0,0.0,0.0,0.0,0.0,5.0,40.0,4853.0,0.0,64.26,0,6.6,Clear,1,2,0,0.0,0.0,0.0,0.0,0.0,0.0,0.0,0.0,0,0,0,0,40.69747683893187,-73.83276751315782
Riverdale-Spuyten Duyvil,2026-06-03 01:00:00,0.2251954544299237,0.1879399290627625,0.0,0.0,0.0,28.0,0.0,0.0,0.0,0.0,15.0,55.0,0.0,0.0,63.73,0,2.66,Clouds,1,2,0,0.0,0.0,0.0,0.0,0.0,0.0,0.0,0.0,0,0,0,0,40.89571960550878,-73.90878455488824
Tremont,2026-06-03 01:00:00,0.2643895098428427,0.1567817103390475,0.0,0.0,0.0,72.0,0.0,0.0,0.0,0.0,19.0,61.0,0.0,0.0,64.26,0,3.67,Clouds,1,2,0,0.0,0.0,0.0,0.0,0.0,0.0,0.0,0.0,0,0,0,0,40.84692324416099,-73.89175595752218
Tribeca-Civic Center,2026-06-03 01:00:00,0.2140820794936112,0.1101657662993578,0.0,0.0228971223727737,0.0310171133974306,84.0,0.0,0.0,0.0,0.0,12.0,71.0,93091.0,0.0,65.41,0,5.79,Clouds,1,2,0,0.0,0.0,0.0,0.0,0.0,0.0,0.0,0.0,10,"The Banksy Museum New York!, Turnpike Troubadours, New Born","Arts & Theatre, Music, Miscellaneous",1,40.71730659694313,-74.00723314864513
United Nations,2026-06-03 01:00:00,0.1224499008167304,0.060414847702753,0.0304029042475603,0.0,0.0,0.0,0.0,0.0,0.0,0.0,1.0,1.0,0.0,3923.0,65.1,0,5.37,Clouds,1,2,0,0.0,0.0,0.0,0.0,0.0,0.0,0.0,0.0,10,"STEELY DAN Revue: KING OF THE WORLD Playing Steely Dan's Greatest Hits, Maybe Happy Ending, The Town Hall Presents Kierra Sheard-Kelly: The Princess of Gospel","Music, Arts & Theatre, Miscellaneous",1,40.7503457256586,-73.96731879512467
University Heights (North)-Fordham,2026-06-03 01:00:00,0.2481846149244602,0.111345194469071,0.0,0.0001033601550465,0.0010112670457775,67.0,0.0,0.0,0.0,0.0,14.0,63.0,6619.0,0.0,64.2,0,3.51,Clouds,1,2,0,0.0,0.0,0.0,0.0,0.0,0.0,0.0,0.0,10,"Elite Stars Dance Academy 2.0, Elite Dance Stars 3.0, Dance Theatre of Harlem","Arts & Theatre, Music, Sports",1,40.864571306949664,-73.90475287536023
University Heights (South)-Morris Heights,2026-06-03 01:00:00,0.3143196648425023,0.1059896683918887,0.0,8.045574231535826e-05,0.0005358028758276,96.0,0.0,0.0,0.0,0.0,41.0,108.0,9832.0,0.0,64.26,0,3.51,Clouds,1,2,0,0.0,0.0,0.0,0.0,0.0,0.0,0.0,0.0,0,0,0,0,40.85185248452287,-73.91612311290973
Upper East Side-Carnegie Hill,2026-06-03 01:00:00,0.1728139942059654,0.0844689683284349,0.0,0.1493490179235996,0.379867675191953,48.0,0.0,0.0,0.0,0.0,6.0,67.0,111744.0,0.0,64.94,0,4.94,Clouds,1,2,0,0.0,0.0,0.0,0.0,0.0,0.0,0.0,0.0,10,"Of The Trees - Park Service, Yellowcard: The Up Up Down Down Tour, The Martinez Brothers - North America Tour 2026 with Wakyin",Music,1,40.77473091835498,-73.96117360535713
Upper East Side-Lenox Hill-Roosevelt Island,2026-06-03 01:00:00,0.2028272348301382,0.1255281057567303,0.0,8.045574231535826e-05,0.0009945274905787,33.0,0.0,0.0,0.0,0.0,16.0,48.0,34990.0,0.0,64.94,0,4.94,Clouds,1,2,0,0.0,0.0,0.0,0.0,0.0,0.0,0.0,0.0,10,"Of The Trees - Park Service, Yellowcard: The Up Up Down Down Tour, The Martinez Brothers - North America Tour 2026 with Wakyin",Music,1,40.764967152109286,-73.95508662480131
Upper East Side-Yorkville,2026-06-03 01:00:00,0.1677831591958645,0.0967149794047917,0.0,8.045574231535826e-05,0.0005663608602183,36.0,0.0,0.0,0.0,0.0,12.0,55.0,19876.0,0.0,64.99,0,4.94,Clouds,1,2,0,0.0,0.0,0.0,0.0,0.0,0.0,0.0,0.0,0,0,0,0,40.77732389008472,-73.94868372572525
Upper West Side (Central),2026-06-03 01:00:00,0.1811068652325178,0.2165627179392449,0.2614921531659022,0.0092121623501435,0.0452246032358548,59.0,0.0,0.0,0.0,0.0,15.0,58.0,43319.0,9801.0,65.1,0,4.83,Clouds,1,2,0,0.0,0.0,0.0,0.0,0.0,0.0,0.0,0.0,10,"Little Shop of Horrors, Little Shop Of Horrors, Ragtime","Arts & Theatre, Music, Undefined",1,40.78770381524128,-73.975933846286
Upper West Side-Lincoln Square,2026-06-03 01:00:00,0.2918445713252335,0.1197408555117788,0.2637339444811845,0.0936181565590508,0.2299096369489285,67.0,0.0,0.0,0.0,0.0,37.0,79.0,95719.0,3858.0,65.17,0,4.83,Clouds,1,2,0,0.0,0.0,0.0,0.0,0.0,0.0,0.0,0.0,10,"Ragtime, The Play That Goes Wrong, Just In Time","Arts & Theatre, Undefined",0,40.77484786471478,-73.98469447531794
Upper West Side-Manhattan Valley,2026-06-03 01:00:00,0.2885539982177431,0.1063353171419232,0.0,0.0001033601550465,0.0010112670457775,66.0,0.0,0.0,0.0,0.0,7.0,39.0,23263.0,0.0,64.65,0,4.29,Clouds,1,2,0,0.0,0.0,0.0,0.0,0.0,0.0,0.0,0.0,0,0,0,0,40.79924688452989,-73.96730628946005
Van Cortlandt Park,2026-06-03 01:00:00,0.1436580874346007,0.053522514359189,0.0,0.0,0.0,3.0,0.0,0.0,0.0,0.0,0.0,4.0,0.0,0.0,63.57,0,3.22,Clouds,1,2,0,1.0,0.0,0.0,1.0,1.0,1.0,1.0,1.0,0,0,0,0,40.897046662558296,-73.88663126007815
Tottenville-Charleston,2026-06-03 01:00:00,0.1595040568991808,0.0691771925159089,0.0,0.0,0.0,16.0,0.0,0.0,0.0,0.0,1.0,19.0,0.0,0.0,62.44,0,5.68,Clouds,1,2,0,0.0,0.0,0.0,0.0,0.0,0.0,0.0,0.0,0,0,0,0,40.52465540765123,-74.2354813568691
Wakefield-Woodlawn,2026-06-03 01:00:00,0.2272322457674216,0.1902052336510118,0.0032173831418096,0.0001033601550465,0.0010112670457775,83.0,0.0,0.0,0.0,0.0,20.0,81.0,4282.0,9596.0,63.7,0,3.0,Clouds,1,2,0,0.0,0.0,0.0,0.0,0.0,0.0,0.0,0.0,0,0,0,0,40.89797364677823,-73.8539663696957
Washington Heights (South),2026-06-03 01:00:00,0.3474968699818384,0.2257454401326082,0.0,8.045574231535826e-05,0.0054415345444698,102.0,0.0,0.0,0.0,0.0,69.0,139.0,33323.0,0.0,64.49,0,3.89,Clouds,1,2,0,0.0,0.0,0.0,0.0,0.0,0.0,0.0,0.0,10,"Elmo's Got the Moves, Myriam Hernandez - Tauro Usa Tour 2026, EL LAPIZ CONCIENTE","Arts & Theatre, Music, Sports",1,40.84090355544197,-73.94153583184716
West Farms,2026-06-03 01:00:00,0.1689543068756713,0.0977178683652337,0.2599421133067281,0.0003877999910367,0.0182154004559074,38.0,0.0,0.0,0.0,0.0,9.0,34.0,7918.0,2051.0,64.38,0,4.14,Clouds,1,2,0,0.0,0.0,0.0,0.0,0.0,0.0,0.0,0.0,0,0,0,0,40.84125979687815,-73.87862815163798
West New Brighton-Silver Lake-Grymes Hill,2026-06-03 01:00:00,0.1701464039415803,0.1023999940075223,0.0,0.0,0.0,34.0,0.0,0.0,0.0,0.0,3.0,34.0,0.0,0.0,64.09,0,7.0,Clouds,1,2,0,0.0,0.0,0.0,0.0,0.0,0.0,0.0,0.0,10,"Staten Island FerryHawks vs. Hagerstown Flying Boxcars, Staten Island FerryHawks vs. Long Island Ducks",Sports,1,40.628067645928994,-74.10130531823779
West Village,2026-06-03 01:00:00,0.1880977774974207,0.1044609583554702,0.0,0.0187675577165579,0.0325242204138445,42.0,0.0,0.0,0.0,0.0,17.0,40.0,46035.0,0.0,65.44,0,5.79,Clouds,1,2,0,0.0,0.0,0.0,0.0,0.0,0.0,0.0,1.0,10,"KENREX: A True Crime Thriller, GIRL INTERRUPED, New Born","Undefined, Arts & Theatre, Music",1,40.73480989477716,-74.00589264478275
Westchester Square,2026-06-03 01:00:00,0.2010763674428884,0.066784311330284,0.0,8.045574231535826e-05,0.0005663608602183,24.0,0.0,0.0,0.0,0.0,1.0,11.0,9033.0,0.0,64.4,0,4.25,Clouds,1,2,0,0.0,0.0,0.0,0.0,0.0,0.0,0.0,0.0,0,0,0,0,40.83768646389764,-73.84593976034047
Westerleigh-Castleton Corners,2026-06-03 01:00:00,0.1211243714868912,0.0660052233197438,0.0,0.0,0.0,11.0,0.0,0.0,0.0,0.0,3.0,21.0,0.0,0.0,63.95,0,7.0,Clouds,1,2,0,0.0,0.0,0.0,0.0,0.0,0.0,0.0,0.0,0,0,0,0,40.61700100945802,-74.128796521516
Whitestone-Beechhurst,2026-06-03 01:00:00,0.1524324281981906,0.0653297103078272,0.0,0.0,0.0,8.0,0.0,0.0,0.0,0.0,4.0,36.0,0.0,0.0,63.81,0,5.19,Clouds,1,2,0,0.0,0.0,0.0,0.0,0.0,0.0,0.0,0.0,0,0,0,0,40.78838004824189,-73.81088951025794
Williamsbridge-Olinville,2026-06-03 01:00:00,0.1998590427986316,0.1126010768024651,0.0,0.0001033601550465,0.0010112670457775,108.0,0.0,0.0,0.0,0.0,14.0,69.0,4968.0,0.0,63.75,0,3.22,Clouds,1,2,0,0.0,0.0,0.0,0.0,0.0,0.0,0.0,0.0,0,0,0,0,40.881017429845755,-73.86072421230101
Williamsburg,2026-06-03 01:00:00,0.3832665464644994,0.2683255023710999,0.350947066318974,0.0103009550260429,0.02801011620506,56.0,0.0,0.0,0.0,0.0,76.0,138.0,43854.0,13579.0,65.12,0,6.6,Clouds,1,2,0,0.0,0.0,0.0,0.0,1.0,1.0,0.0,1.0,10,"Tumua: Das' How Tour, VIP Bowling Lane Add On - Dustbowl Revival - Not a Concert Ticket, Dustbowl Revival & The Steel Wheels","Arts & Theatre, Miscellaneous, Music",1,40.7149148306692,-73.95862088895888
Windsor Terrace-South Slope,2026-06-03 01:00:00,0.1754402326331623,0.061034555045665,0.0,8.045574231535826e-05,0.0005358028758276,14.0,0.0,0.0,0.0,0.0,7.0,33.0,9975.0,0.0,64.76,0,7.63,Clear,1,2,0,0.0,0.0,0.0,0.0,0.0,0.0,0.0,0.0,3,"Benefit Show: Patti LaBelle + Lady Wray + morernbplease, Royel Otis meet me in the car tour, Liz Phair & Sleater-Kinney: The Flannel and The Fury 2026",Music,1,40.65604508666491,-73.98002529546186
Woodhaven,2026-06-03 01:00:00,0.2683923153283209,0.1429701065602419,0.0,8.045574231535826e-05,0.0005663608602183,28.0,0.0,0.0,0.0,0.0,23.0,66.0,8696.0,0.0,64.45,0,6.6,Clear,1,2,0,0.0,0.0,0.0,0.0,0.0,0.0,0.0,0.0,0,0,0,0,40.69147565622431,-73.85741200533509
Woodlawn Cemetery,2026-06-03 01:00:00,0.1438930098597289,0.0534352820878299,0.0,0.0,0.0,6.0,0.0,0.0,0.0,0.0,0.0,0.0,0.0,0.0,63.57,0,3.22,Clouds,1,2,0,0.0,0.0,0.0,0.0,0.0,0.0,0.0,0.0,0,0,0,0,40.88953781964025,-73.87258167586543
Washington Heights (North),2026-06-03 01:00:00,0.3337878288453115,0.1831995094213028,0.0,0.0001033601550465,0.0010112670457775,95.0,0.0,0.0,0.0,0.0,65.0,136.0,11070.0,0.0,64.26,0,3.38,Clouds,1,2,0,0.0,0.0,0.0,0.0,0.0,0.0,0.0,0.0,7,"Elmo's Got the Moves, Myriam Hernandez - Tauro Usa Tour 2026, EL LAPIZ CONCIENTE","Arts & Theatre, Music",1,40.856474356683584,-73.93345168522376
Tompkinsville-Stapleton-Clifton-Fox Hills,2026-06-03 01:00:00,0.1520704028840955,0.0999358505192303,0.0,8.045574231535826e-05,0.0005663608602183,35.0,0.0,0.0,0.0,0.0,4.0,9.0,599.0,0.0,64.58,0,7.38,Clouds,1,2,0,0.0,0.0,0.0,0.0,0.0,0.0,0.0,0.0,10,"Staten Island FerryHawks vs. Hagerstown Flying Boxcars, Staten Island FerryHawks vs. Long Island Ducks",Sports,1,40.62610518040315,-74.0788359255431
Todt Hill-Emerson Hill-Lighthouse Hill-Manor Heights,2026-06-03 01:00:00,0.2526244540144141,0.1789256223894841,0.0963658283331276,0.0,0.0,16.0,0.0,0.0,0.0,0.0,8.0,29.0,0.0,26227.0,63.19,0,7.36,Clouds,1,2,0,0.0,0.0,0.0,0.0,0.0,0.0,0.0,0.0,0,0,0,0,40.58965804083778,-74.12826322560767
Throgs Neck-Schuylerville,2026-06-03 01:00:00,0.1747816995805276,0.0880334668182459,0.0,0.0,0.0,51.0,0.0,0.0,0.0,0.0,5.0,49.0,0.0,0.0,64.76,0,4.38,Clouds,1,2,0,0.0,0.0,0.0,0.0,0.0,0.0,0.0,0.0,0,0,0,0,40.82552959390224,-73.82060527436242
Rockaway Beach-Arverne-Edgemere,2026-06-03 01:00:00,0.2324147864720138,0.1094333937836383,0.0,8.045574231535826e-05,0.0005663608602183,55.0,0.0,0.0,0.0,0.0,10.0,32.0,3865.0,0.0,64.18,0,8.34,Clear,1,2,0,0.0,0.0,0.0,0.0,0.0,0.0,0.0,0.0,0,0,0,0,40.59156809751221,-73.79630635287961
Rosebank-Shore Acres-Park Hill,2026-06-03 01:00:00,0.1673291502694152,0.1185779489555374,0.0,0.0,0.0,20.0,0.0,0.0,0.0,0.0,8.0,34.0,0.0,0.0,64.4,0,7.76,Clouds,1,2,0,0.0,0.0,0.0,0.0,0.0,0.0,0.0,0.0,0,0,0,0,40.611686089291744,-74.07276914707751
Rosedale,2026-06-03 01:00:00,0.1473434800723547,0.0865148352158235,0.0,0.0,0.0,24.0,0.0,0.0,0.0,0.0,2.0,18.0,0.0,0.0,62.29,0,6.96,Clear,1,2,0,0.0,0.0,0.0,0.0,0.0,0.0,0.0,0.0,0,0,0,0,40.659052554156744,-73.73565889864831
Sheepshead Bay-Manhattan Beach-Gerritsen Beach,2026-06-03 01:00:00,0.1456982809962394,0.1365714526547373,0.0,0.0001033601550465,0.0010112670457775,40.0,1.0,0.0,0.0,0.0,13.0,88.0,12592.0,0.0,64.83,0,8.63,Clear,1,2,0,0.0,0.0,0.0,0.0,0.0,0.0,0.0,0.0,0,0,0,0,40.588299516033125,-73.94150406333723
SoHo-Little Italy-Hudson Square,2026-06-03 01:00:00,0.2365612334187939,0.115596869707141,0.2403390559366738,0.0060178498938155,0.0295149604575306,78.0,0.0,0.0,0.0,0.0,11.0,42.0,75607.0,469.0,65.35,0,5.79,Clouds,1,2,0,0.0,0.0,0.0,0.0,0.0,0.0,0.0,0.0,10,"The Banksy Museum New York!, KENREX: A True Crime Thriller, GIRL INTERRUPED","Arts & Theatre, Undefined, Music",1,40.72353596421685,-74.00171904350478
Soundview Park,2026-06-03 01:00:00,0.1436580874346007,0.053014338832533,0.0,0.0,0.0,1.0,0.0,0.0,0.0,0.0,1.0,4.0,0.0,0.0,64.54,0,4.14,Clouds,1,2,0,0.0,0.0,0.0,0.0,0.0,0.0,0.0,0.0,0,0,0,0,40.816438667584215,-73.87125072608364
Soundview-Bruckner-Bronx River,2026-06-03 01:00:00,0.2181667001434261,0.0880514373734869,0.0998711590969217,8.045574231535826e-05,0.0005358028758276,116.0,0.0,0.0,0.0,0.0,32.0,75.0,9692.0,7932.0,64.49,0,4.14,Clouds,1,2,0,0.0,0.0,0.0,0.0,0.0,0.0,0.0,0.0,0,0,0,0,40.8296155359813,-73.87321743243348
Soundview-Clason Point,2026-06-03 01:00:00,0.2655478092378751,0.1745995411952511,0.0,0.0,0.0,70.0,0.0,0.0,0.0,0.0,15.0,35.0,0.0,0.0,64.54,0,4.61,Clouds,1,2,0,0.0,0.0,0.0,0.0,0.0,0.0,0.0,0.0,0,0,0,0,40.81610705757471,-73.85910422392892
South Jamaica,2026-06-03 01:00:00,0.1966326761701042,0.1055982523058053,0.0025243885499344,0.0,0.0,51.0,0.0,0.0,0.0,0.0,9.0,40.0,0.0,2601.0,63.05,0,6.42,Clear,1,2,0,0.0,0.0,0.0,0.0,0.0,0.0,0.0,0.0,0,0,0,0,40.694307068253714,-73.79172935129826
South Ozone Park,2026-06-03 01:00:00,0.3638328058379628,0.2407705551860617,0.0,0.0001335871401219,0.0008784528356341,73.0,0.0,0.0,0.0,0.0,49.0,161.0,8291.0,0.0,64.06,0,7.02,Clear,1,2,0,0.0,0.0,0.0,0.0,0.0,0.0,0.0,0.0,0,0,0,0,40.6762002859462,-73.81951967399499
South Richmond Hill,2026-06-03 01:00:00,0.1598659282372988,0.1065950608609947,0.0,0.0,0.0,35.0,0.0,0.0,0.0,0.0,2.0,24.0,0.0,0.0,64.09,0,7.02,Clear,1,2,0,0.0,0.0,0.0,0.0,0.0,0.0,0.0,0.0,0,0,0,0,40.69132870909496,-73.82486672561663
South Williamsburg,2026-06-03 01:00:00,0.2525100935376606,0.126179292638878,0.0,0.0001033601550465,0.0154411519901443,27.0,0.0,0.0,0.0,0.0,17.0,32.0,15126.0,0.0,65.08,0,6.6,Clouds,1,2,0,0.0,0.0,0.0,0.0,0.0,0.0,0.0,0.0,10,"Emo Night Brooklyn ON A BOAT!, Earlybirds Club (21 and Over), Wallie The Sensei (18+ Event)","Music, Undefined",1,40.703242103470146,-73.95665892179814
Spring Creek Park,2026-06-03 01:00:00,0.1415935879701409,0.0529271065611739,0.0,0.0,0.0,0.0,0.0,0.0,0.0,0.0,0.0,0.0,0.0,0.0,64.51,0,7.63,Clear,1,2,0,0.0,0.0,0.0,0.0,0.0,0.0,0.0,0.0,0,0,0,0,40.64982461223127,-73.8486956015938
Spring Creek-Starrett City,2026-06-03 01:00:00,0.1221118186287139,0.1688112577748125,0.0,0.0,0.0,30.0,1.0,0.0,0.0,0.0,2.0,21.0,0.0,0.0,64.67,0,7.7,Clear,1,2,0,0.0,0.0,0.0,0.0,0.0,0.0,0.0,0.0,0,0,0,0,40.65100729940572,-73.87639136945356
Springfield Gardens (North)-Rochdale Village,2026-06-03 01:00:00,0.1857527062955716,0.1304684120688892,0.0,0.0,0.0,23.0,0.0,0.0,0.0,0.0,1.0,29.0,0.0,0.0,62.74,0,6.89,Clear,1,2,0,0.0,0.0,0.0,0.0,0.0,0.0,0.0,0.0,0,0,0,0,40.673330946976336,-73.77205277878765
Springfield Gardens (South)-Brookville,2026-06-03 01:00:00,0.1835457268822504,0.1510559084768762,0.1404034553357905,0.0,0.0,39.0,0.0,0.0,0.0,0.0,1.0,16.0,0.0,6231.0,62.55,0,6.96,Clear,1,2,0,0.0,0.0,0.0,0.0,0.0,0.0,0.0,0.0,0,0,0,0,40.66016730415246,-73.76148129280828
St. Albans,2026-06-03 01:00:00,0.171238130063724,0.0926570680569906,0.0,0.0,0.0,50.0,0.0,0.0,0.0,0.0,2.0,38.0,0.0,0.0,62.51,0,6.42,Clear,1,2,0,0.0,0.0,0.0,0.0,0.0,0.0,0.0,0.0,0,0,0,0,40.69324025316088,-73.76222163959532
St. George-New Brighton,2026-06-03 01:00:00,0.1489011035789654,0.0876823792205813,0.0,0.0135747507673592,0.0714997756115955,46.0,0.0,0.0,0.0,0.0,5.0,15.0,6250.0,0.0,64.87,0,6.96,Clouds,1,2,0,0.0,0.0,0.0,0.0,0.0,0.0,0.0,0.0,10,"Kinky Boots Movie Screening, Gaspare Randazzo, The 15th Annual Minty Awards","Film, Arts & Theatre, Sports",1,40.64218590799949,-74.08553311075681
St. John Cemetery,2026-06-03 01:00:00,0.1415935879701409,0.0529271065611739,0.0,0.0,0.0,1.0,0.0,0.0,0.0,0.0,0.0,0.0,0.0,0.0,64.45,0,6.64,Clouds,1,2,0,0.0,0.0,0.0,0.0,0.0,0.0,0.0,0.0,10,"21st Anniversary of ""I'm Wide Awake..."" and ""Digital Ash..."", Southern Hospitality Tour: The Black Crowes and Whiskey Myers, Kes - Roots, Rock, Soca Tour",Music,1,40.71475426773305,-73.86662639248348
Stuyvesant Town-Peter Cooper Village,2026-06-03 01:00:00,0.1328061966893985,0.0515103113799482,0.0,0.0,0.0,9.0,0.0,0.0,0.0,0.0,2.0,5.0,0.0,0.0,65.14,0,5.93,Clouds,1,2,0,0.0,0.0,0.0,0.0,0.0,0.0,0.0,0.0,10,"CALVIN LECOMPTE, GIRL INTERRUPED, Austin Nasso","Music, Undefined, Arts & Theatre",1,40.73181419836849,-73.97658203937367
Sunnyside,2026-06-03 01:00:00,0.1528623922416931,0.1318423381361445,0.313570305903249,0.0001033601550465,0.0017582264515308,41.0,0.0,0.0,0.0,0.0,11.0,68.0,21964.0,1109.0,64.76,0,5.55,Clouds,1,2,0,0.0,0.0,0.0,0.0,0.0,0.0,0.0,0.0,0,0,0,0,40.738418626602964,-73.92644430757301
Sunnyside Yards (North),2026-06-03 01:00:00,0.1388803004570843,0.0554017540571704,0.0,8.045574231535826e-05,0.0005358028758276,4.0,0.0,0.0,0.0,0.0,0.0,2.0,2916.0,0.0,64.98,0,5.55,Clouds,1,2,0,0.0,0.0,0.0,0.0,0.0,0.0,0.0,0.0,1,Elefante (18+),Music,1,40.75191403665256,-73.91998383993672
Sunnyside Yards (South),2026-06-03 01:00:00,0.1415935879701409,0.0529271065611739,0.0,0.0,0.0,1.0,0.0,0.0,0.0,0.0,0.0,1.0,0.0,0.0,64.85,0,5.55,Clouds,1,2,0,0.0,0.0,0.0,0.0,0.0,0.0,0.0,0.0,1,Elefante (18+),Music,1,40.748665535475325,-73.92818207667966
Sunset Park (Central),2026-06-03 01:00:00,0.183984059138391,0.0836560738816293,0.0,8.045574231535826e-05,0.0005358028758276,30.0,0.0,0.0,0.0,0.0,11.0,37.0,9466.0,0.0,65.17,0,7.47,Clouds,1,2,0,0.0,0.0,0.0,0.0,0.0,0.0,0.0,0.0,2,Sammy Virji (18 and Over),Undefined,0,40.64239033570919,-74.00787928255133
Sunset Park (East)-Borough Park (West),2026-06-03 01:00:00,0.1758751811235176,0.1382873340785934,0.0,8.045574231535826e-05,0.0005358028758276,19.0,0.0,0.0,0.0,0.0,10.0,33.0,7642.0,0.0,65.23,0,7.47,Clouds,1,2,0,0.0,0.0,0.0,0.0,0.0,0.0,0.0,0.0,2,Sammy Virji (18 and Over),Undefined,0,40.640827228459855,-73.99938732383707
Sunset Park (West),2026-06-03 01:00:00,0.2804003876033817,0.2927274306093153,0.2223482861035136,8.045574231535826e-05,0.0052866584212474,72.0,0.0,0.0,0.0,0.0,13.0,91.0,24398.0,1747.0,65.23,0,7.47,Clouds,1,2,0,0.0,0.0,0.0,0.0,0.0,0.0,0.0,0.0,2,Sammy Virji (18 and Over),Undefined,0,40.65347211219747,-74.01011266702416
The Battery-Governors Island-Ellis Island-Liberty Island,2026-06-03 01:00:00,0.1415935879701409,0.0529271065611739,0.0,0.0,0.0,0.0,0.0,0.0,0.0,0.0,0.0,0.0,0.0,0.0,65.17,0,6.38,Clouds,1,2,0,0.0,0.0,0.0,0.0,0.0,0.0,0.0,0.0,0,0,0,0,40.69124433295654,-74.02072681937481
Ridgewood,2026-06-03 01:00:00,0.2483424329024884,0.1110296554441588,0.0,0.0001033601550465,0.0010112670457775,49.0,0.0,0.0,0.0,0.0,30.0,96.0,10769.0,0.0,64.71,0,6.64,Clouds,1,2,0,0.0,0.0,0.0,0.0,0.0,1.0,1.0,1.0,3,"Neoni, Sister Wife Sex Strike , Baby Bugs, Elliot Lee",Music,1,40.70567358109863,-73.90368897129234
Woodside,2026-06-03 01:00:00,0.1734526703630941,0.079705250176408,0.0,0.0001033601550465,0.0010112670457775,30.0,0.0,0.0,0.0,0.0,7.0,37.0,16963.0,0.0,64.78,0,5.55,Clouds,1,2,0,0.0,0.0,0.0,0.0,0.0,0.0,0.0,0.0,0,0,0,0,40.74310519153166,-73.90141014467699
Kensington,2026-06-03 01:00:00,0.1371683644918913,0.1040256801952451,0.2113998709026996,0.0001033601550465,0.0010112670457775,17.0,0.0,0.0,0.0,0.0,6.0,66.0,10145.0,3746.0,64.96,0,8.12,Clear,1,2,0,0.0,0.0,0.0,0.0,0.0,0.0,0.0,0.0,0,0,0,0,40.64113614773151,-73.97605175192675
Jamaica Hills-Briarwood,2026-06-03 01:00:00,0.1484067812225475,0.1028012506964295,0.0,0.0,0.0,43.0,0.0,0.0,0.0,0.0,3.0,27.0,0.0,0.0,63.05,0,6.53,Clear,1,2,0,0.0,0.0,0.0,0.0,0.0,0.0,0.0,0.0,2,The Governors Ball Music Festival,Music,1,40.71188705889247,-73.80885602489337
Cambria Heights,2026-06-03 01:00:00,0.1567903154046158,0.0736153466682366,0.0,0.0,0.0,11.0,0.0,0.0,0.0,0.0,1.0,24.0,0.0,0.0,62.17,0,6.15,Clear,1,2,0,0.0,0.0,0.0,0.0,0.0,0.0,0.0,0.0,0,0,0,0,40.69434253461091,-73.73555303959209
Canarsie,2026-06-03 01:00:00,0.2752728536048487,0.1326225003502965,0.0,0.0004317303701407,0.0016308347228094,87.0,0.0,0.0,0.0,0.0,18.0,95.0,11895.0,0.0,64.8,0,7.76,Clear,1,2,0,0.0,0.0,0.0,0.0,0.0,0.0,0.0,0.0,0,0,0,0,40.63935391976895,-73.90146148865637
Canarsie Park & Pier,2026-06-03 01:00:00,0.1415935879701409,0.0529271065611739,0.0,0.0,0.0,1.0,0.0,0.0,0.0,0.0,0.0,1.0,0.0,0.0,64.72,0,8.19,Clear,1,2,0,0.0,0.0,0.0,0.0,0.0,0.0,0.0,0.0,0,0,0,0,40.63003338864076,-73.88930739734677
Carroll Gardens-Cobble Hill-Gowanus-Red Hook,2026-06-03 01:00:00,0.2526077618908854,0.1810321891004566,0.3327992010676123,8.045574231535826e-05,0.0005663608602183,63.0,0.0,0.0,0.0,0.0,21.0,93.0,23823.0,6236.0,65.17,0,6.93,Clouds,1,2,0,0.0,0.0,0.0,0.0,0.0,0.0,0.0,0.0,10,"That's Messed Up LIVE!, Liza Treyger Presents Show and Tell, The Bell House Stand Up Showcase",Arts & Theatre,0,40.67812281700524,-74.00006508307055
Castle Hill-Unionport,2026-06-03 01:00:00,0.1729966642172727,0.0830630353458312,0.0,0.0001033601550465,0.0010112670457775,36.0,0.0,0.0,0.0,0.0,6.0,37.0,9209.0,0.0,64.4,0,4.25,Clouds,1,2,0,0.0,0.0,0.0,0.0,0.0,0.0,0.0,0.0,0,0,0,0,40.82453229134121,-73.84869139825979
Central Park,2026-06-03 01:00:00,0.1791588189198167,0.0869058863617852,0.0901192284305935,0.0154188246720148,0.1664782354532068,16.0,0.0,0.0,0.0,0.0,2.0,17.0,43338.0,3102.0,65.16,0,4.83,Clouds,1,2,0,0.0,0.25,0.5,0.25,0.5,0.75,0.0,4.0,10,"Little Shop of Horrors, Little Shop Of Horrors, Madonna in Conversation + Film Premiere: Confessions II","Arts & Theatre, Music, Undefined",1,40.78247534175503,-73.96555762198852
Chelsea-Hudson Yards,2026-06-03 01:00:00,0.2479663294819555,0.1520721077192965,0.0,0.0751686751675552,0.0565573754359824,126.0,0.0,0.0,0.0,0.0,27.0,140.0,112661.0,0.0,65.19,0,5.23,Clouds,1,2,0,0.0,0.0,0.0,0.0,0.0,0.0,0.0,0.0,10,"Schmigadoon!, Moulin Rouge, Six: The Musical","Arts & Theatre, Undefined",0,40.749383898368265,-74.00114923932612
Chinatown-Two Bridges,2026-06-03 01:00:00,0.2035961890328978,0.1342518473667939,0.3052726162453726,8.045574231535826e-05,0.0005663608602183,48.0,0.0,0.0,0.0,0.0,15.0,43.0,12729.0,8534.0,65.12,0,6.49,Clouds,1,2,0,0.0,0.0,0.0,0.0,0.0,0.0,0.0,0.0,10,"Turnpike Troubadours, The Banksy Museum New York!, Kings & Constables | Homebase | Blindspot | Fallow Days","Music, Arts & Theatre",1,40.71285854781316,-73.99366353199929
Claremont Village-Claremont (East),2026-06-03 01:00:00,0.3494817814332301,0.1529042184495597,0.0,0.0,0.0,67.0,0.0,0.0,0.0,0.0,27.0,42.0,0.0,0.0,64.38,0,4.0,Clouds,1,2,0,0.0,0.0,0.0,0.0,0.0,0.0,0.0,0.0,0,0,0,0,40.83757705258356,-73.90353522267513
Clinton Hill,2026-06-03 01:00:00,0.1438566903642404,0.1502173275517953,0.2850539040895893,8.045574231535826e-05,0.0005358028758276,18.0,0.0,0.0,0.0,0.0,6.0,64.0,14482.0,8164.0,64.99,0,7.09,Clouds,1,2,0,0.0,0.0,0.0,0.0,0.0,0.0,0.0,0.0,10,"Trap Karaoke: Brooklyn, Carin Leon - De Sonora Para El Mundo Tour 2026, Lunar Sway by Nick Butler","Music, Film, Miscellaneous",1,40.68899906679617,-73.96446222175878
Co-op City,2026-06-03 01:00:00,0.1434674855496994,0.0859765743260131,0.0,0.0,0.0,38.0,0.0,0.0,0.0,0.0,2.0,8.0,0.0,0.0,63.45,0,3.4,Clouds,1,2,0,0.0,0.0,0.0,0.0,0.0,0.0,0.0,0.0,0,0,0,0,40.87231400729901,-73.82627383908212
College Point,2026-06-03 01:00:00,0.1371404447947211,0.1396414805962852,0.3302727705811279,0.0,0.0,29.0,0.0,0.0,0.0,0.0,11.0,43.0,0.0,7634.0,64.51,0,5.14,Clouds,1,2,0,0.0,0.0,0.0,0.0,0.0,0.0,0.0,0.0,0,0,0,0,40.782601349280895,-73.83988929907188
Calvert Vaux Park,2026-06-03 01:00:00,0.1415935879701409,0.0529271065611739,0.0,0.0,0.0,0.0,0.0,0.0,0.0,0.0,0.0,0.0,0.0,0.0,64.78,0,8.86,Clear,1,2,0,0.0,0.0,0.0,0.0,0.0,0.0,0.0,0.0,10,"Brooklyn FC vs. Portland Hearts of Pine, Brooklyn Cyclones vs. Frederick Keys, Brooklyn FC vs. Tampa Bay Rowdies","Undefined, Sports",1,40.58435331368319,-73.99408639286835
Concourse-Concourse Village,2026-06-03 01:00:00,0.3237460389571013,0.1718924879368227,0.0,0.0001644507140461,0.0032607457030524,133.0,0.0,0.0,0.0,0.0,44.0,124.0,23449.0,0.0,64.51,0,4.0,Clouds,1,2,0,0.0,0.0,0.0,0.0,0.0,0.0,0.0,0.0,10,"New York Yankees v. Boston Red Sox * Premium Seating *, New York Yankees vs. Boston Red Sox, Pinstripe Pass * New York Yankees v. Boston Red Sox",Sports,1,40.82674835223223,-73.92172382060485
Corona,2026-06-03 01:00:00,0.2290545413962377,0.0998053227189989,0.0,8.045574231535826e-05,0.0005663608602183,60.0,0.0,0.0,0.0,0.0,15.0,48.0,17953.0,0.0,64.9,0,5.61,Clouds,1,2,0,1.0,0.0,0.0,0.0,1.0,1.0,1.0,2.0,10,"New York Mets vs. St. Louis Cardinals, New York Mets vs St. Louis Cardinals: Mets Soccer Jersey, NYNJ WC26 Queens Match Viewing: MEX V RSA","Sports, Music",1,40.743241396589134,-73.85928416264883
Crotona Park,2026-06-03 01:00:00,0.1415935879701409,0.0529271065611739,0.0,0.0,0.0,1.0,0.0,0.0,0.0,0.0,0.0,0.0,0.0,0.0,64.38,0,4.0,Clouds,1,2,0,0.0,0.0,0.0,0.0,0.0,0.0,0.0,0.0,0,0,0,0,40.83854953598659,-73.89498672847301
Crotona Park East,2026-06-03 01:00:00,0.2559666724422156,0.1175137789749694,0.0,8.045574231535826e-05,0.0005358028758276,60.0,0.0,0.0,0.0,0.0,29.0,78.0,6192.0,0.0,64.38,0,4.14,Clouds,1,2,0,0.0,0.0,0.0,0.0,0.0,0.0,0.0,0.0,0,0,0,0,40.83214194106768,-73.88869790799265
Crown Heights (North),2026-06-03 01:00:00,0.2836505312204072,0.1284701369089564,0.0,8.045574231535826e-05,0.0005358028758276,161.0,0.0,0.0,0.0,0.0,42.0,102.0,1455.0,0.0,64.85,0,7.18,Clouds,1,2,0,0.0,0.0,1.0,1.0,0.0,0.0,1.0,1.0,10,"BrownstoneJAZZ FEST CONCERT SERIES, BrownstoneJAZZ  SUNDAY AFTER BRUNCH TRIO, BrownstoneJAZZ SUNDAY AFTER BRUNCH TRIO",Music,1,40.67386402175137,-73.94189650580053
Crown Heights (South),2026-06-03 01:00:00,0.2695729732863066,0.1588485292592119,0.174468892417613,0.0001335871401219,0.0016254122413875,64.0,0.0,0.0,0.0,0.0,33.0,90.0,22910.0,8707.0,64.8,0,7.18,Clouds,1,2,0,0.0,0.0,0.0,0.0,0.0,0.0,0.0,0.0,0,0,0,0,40.66674603830062,-73.94600988476118
Cunningham Park,2026-06-03 01:00:00,0.1411425901092053,0.0523088167123767,0.0,0.0,0.0,0.0,0.0,0.0,0.0,0.0,1.0,3.0,0.0,0.0,62.6,0,5.97,Clear,1,2,0,0.0,0.0,0.0,0.0,0.0,0.0,0.0,0.0,0,0,0,0,40.733945570874944,-73.76881095655551
Cypress Hills,2026-06-03 01:00:00,0.2343585386847225,0.1467479047131391,0.0,8.045574231535826e-05,0.0005358028758276,41.0,0.0,0.0,0.0,0.0,28.0,75.0,4351.0,0.0,64.6,0,7.18,Clear,1,2,0,0.0,0.0,0.0,0.0,0.0,0.0,0.0,0.0,0,0,0,0,40.68253478524873,-73.88205951131805
Douglaston-Little Neck,2026-06-03 01:00:00,0.1267686710139955,0.0707027019332224,0.0,0.0,0.0,6.0,0.0,0.0,0.0,0.0,3.0,24.0,0.0,0.0,62.26,0,5.46,Clear,1,2,0,0.0,0.0,0.0,0.0,0.0,0.0,0.0,0.0,0,0,0,0,40.76369075299785,-73.73688860736381
Downtown Brooklyn-DUMBO-Boerum Hill,2026-06-03 01:00:00,0.2641992779495457,0.2012606362448014,0.0030245983950607,0.0152268451933855,0.0434153371332635,149.0,0.0,0.0,0.0,0.0,35.0,124.0,76213.0,2994.0,64.96,0,6.49,Clouds,1,2,0,0.0,0.0,0.0,0.0,0.0,0.0,0.0,0.0,10,"Trap Karaoke: Brooklyn, Lunar Sway by Nick Butler, Junior Toots - Pressure Drop - A Tribute to Toots & The Maytals","Music, Film",1,40.694900950554036,-73.98583049960065
Dyker Beach Park,2026-06-03 01:00:00,0.1415935879701409,0.0529271065611739,0.0,0.0,0.0,0.0,0.0,0.0,0.0,0.0,0.0,0.0,0.0,0.0,64.71,0,7.96,Clear,1,2,0,0.0,0.0,0.0,0.0,0.0,0.0,0.0,0.0,0,0,0,0,40.61115189794771,-74.01893314496151
Dyker Heights,2026-06-03 01:00:00,0.1704064164584381,0.1217983619704772,0.0,0.0,0.0,23.0,0.0,0.0,0.0,0.0,4.0,42.0,0.0,0.0,64.78,0,7.96,Clear,1,2,0,0.0,0.0,0.0,0.0,0.0,0.0,0.0,0.0,0,0,0,0,40.62396383405299,-74.01084491679197
East Elmhurst,2026-06-03 01:00:00,0.247618779431141,0.2642025485839271,0.1540587818524213,0.0,0.0,21.0,0.0,0.0,0.0,0.0,21.0,67.0,0.0,3369.0,64.63,0,5.59,Clouds,1,2,0,0.0,0.0,0.0,0.0,0.0,0.0,0.0,0.0,0,0,0,0,40.76407537614569,-73.87220316228267
Coney Island-Sea Gate,2026-06-03 01:00:00,0.2424129285739047,0.1085258956472558,0.0,8.045574231535826e-05,0.0005663608602183,93.0,0.0,0.0,0.0,0.0,25.0,58.0,19561.0,0.0,64.71,0,8.86,Clear,1,2,0,0.0,0.0,0.0,0.0,0.0,0.0,0.0,0.0,10,"Brooklyn FC vs. Portland Hearts of Pine, Brooklyn Cyclones vs. Frederick Keys, Brooklyn FC vs. Tampa Bay Rowdies","Undefined, Sports",1,40.57696549297567,-73.98796579852429
Calvary & Mount Zion Cemeteries,2026-06-03 01:00:00,0.1415935879701409,0.0529271065611739,0.0,0.0,0.0,0.0,0.0,0.0,0.0,0.0,0.0,0.0,0.0,0.0,64.8,0,6.06,Clouds,1,2,0,0.0,0.0,0.0,0.0,0.0,0.0,0.0,0.0,0,0,0,0,40.73429611700126,-73.91137512386008
Bushwick (West),2026-06-03 01:00:00,0.3260949811636521,0.1078921431633412,0.2410363309541189,8.045574231535826e-05,0.0009945274905787,68.0,0.0,0.0,0.0,0.0,53.0,119.0,18144.0,2196.0,64.96,0,6.64,Clouds,1,2,0,0.0,0.0,0.0,0.0,0.0,0.0,0.0,0.0,6,"Neoni, The Giraffes  Final Show  D'NT, Josh Taggart, Aaron C. Lazar, ALEGRIA PRIDE 2026 - ALEGRIA+WOW+VIVA+SUNRISE","Music, Miscellaneous",1,40.70099627173924,-73.92527048185774
Bushwick (East),2026-06-03 01:00:00,0.2397922394551386,0.1281407761308896,0.2169135943329574,0.0003877999910367,0.0231850011433644,77.0,0.0,0.0,0.0,0.0,12.0,62.0,22826.0,3086.0,64.81,0,6.64,Clouds,1,2,0,0.0,0.0,0.0,0.0,0.0,0.0,0.0,0.0,2,"Sister Wife Sex Strike , Baby Bugs, Elliot Lee",Music,1,40.69124535883863,-73.9129660888804
Alley Pond Park,2026-06-03 01:00:00,0.1415935879701409,0.0534352820878299,0.0,0.0,0.0,3.0,0.0,0.0,0.0,0.0,0.0,1.0,0.0,0.0,62.46,0,5.46,Clear,1,2,0,0.0,0.0,0.0,0.0,0.0,0.0,0.0,0.0,0,0,0,0,40.75221788721762,-73.74555554488235
Annadale-Huguenot-Prince's Bay-Woodrow,2026-06-03 01:00:00,0.1569743588725231,0.1027503921626422,0.0,0.0,0.0,17.0,0.0,0.0,0.0,0.0,7.0,35.0,0.0,0.0,62.98,0,6.44,Clouds,1,2,0,0.0,0.0,0.0,0.0,0.0,0.0,0.0,0.0,0,0,0,0,40.52839389241845,-74.19804059063435
Arden Heights-Rossville,2026-06-03 01:00:00,0.1111971878380721,0.0716743013241456,0.0055038942854472,0.0,0.0,16.0,0.0,0.0,0.0,0.0,3.0,30.0,0.0,3569.0,62.92,0,6.31,Clouds,1,2,0,0.0,0.0,0.0,0.0,0.0,0.0,0.0,0.0,0,0,0,0,40.55264228049005,-74.19690160622868
Astoria (Central),2026-06-03 01:00:00,0.1812311950415023,0.1438540010334954,0.1931660034591245,0.0001033601550465,0.0010112670457775,38.0,0.0,0.0,0.0,0.0,15.0,101.0,18599.0,5241.0,64.83,0,5.55,Clouds,1,2,0,0.0,0.0,0.0,0.0,0.0,0.0,0.0,0.0,2,"Green Velvet, Elefante (18+)",Music,1,40.76428459754965,-73.92305675300703
Astoria (East)-Woodside (North),2026-06-03 01:00:00,0.1947801968133796,0.0818327553198591,0.0,8.045574231535826e-05,0.0005663608602183,51.0,0.0,0.0,0.0,0.0,9.0,43.0,15624.0,0.0,64.8,0,5.55,Clouds,1,2,0,0.0,0.0,0.0,0.0,0.0,0.0,0.0,0.0,0,0,0,0,40.75955851608279,-73.91031290302656
Astoria (North)-Ditmars-Steinway,2026-06-03 01:00:00,0.1962261122689815,0.1055307609696244,0.0,0.0001335871401219,0.0008784528356341,31.0,0.0,0.0,0.0,0.0,15.0,60.0,20130.0,0.0,64.85,0,5.03,Clouds,1,2,0,0.0,0.0,0.0,0.0,0.0,0.0,0.0,0.0,0,0,0,0,40.777409364747925,-73.9052569500024
Astoria Park,2026-06-03 01:00:00,0.1404388374496688,0.0517860057807843,0.0,0.0,0.0,1.0,0.0,0.0,0.0,0.0,0.0,2.0,0.0,0.0,64.92,0,5.03,Clouds,1,2,0,0.0,0.0,0.0,0.0,0.0,0.0,0.0,0.0,1,Green Velvet,Music,1,40.77855892134259,-73.92307958953958
Auburndale,2026-06-03 01:00:00,0.132627608310639,0.080685810814783,0.0980718920384225,0.0,0.0,18.0,0.0,0.0,0.0,0.0,5.0,31.0,0.0,1784.0,62.87,0,5.59,Clouds,1,2,0,0.0,0.0,0.0,0.0,0.0,0.0,0.0,0.0,0,0,0,0,40.75525893920543,-73.78600466516534
Baisley Park,2026-06-03 01:00:00,0.1720615851984662,0.1117307509788883,0.0,0.0,0.0,44.0,0.0,0.0,0.0,0.0,9.0,61.0,0.0,0.0,63.05,0,6.89,Clear,1,2,0,0.0,0.0,0.0,0.0,0.0,0.0,0.0,0.0,0,0,0,0,40.679533932084325,-73.78990867319918
Barren Island-Floyd Bennett Field,2026-06-03 01:00:00,0.1415935879701409,0.0529271065611739,0.0,0.0,0.0,0.0,0.0,0.0,0.0,0.0,0.0,0.0,0.0,0.0,64.67,0,8.66,Clear,1,2,0,0.0,0.0,0.0,0.0,0.0,0.0,0.0,0.0,0,0,0,0,40.593192762588814,-73.89185104931708
Bath Beach,2026-06-03 01:00:00,0.1689187457597196,0.1212599664144307,0.0,0.0,0.0,38.0,0.0,0.0,0.0,0.0,3.0,76.0,0.0,0.0,64.81,0,8.37,Clear,1,2,0,0.0,0.0,0.0,0.0,0.0,0.0,0.0,0.0,0,0,0,0,40.604260715421724,-74.00748286573042
Bay Ridge,2026-06-03 01:00:00,0.175962425301783,0.1560003133912498,0.2628465491188049,0.0001644507140461,0.0032607457030524,51.0,0.0,0.0,0.0,0.0,20.0,133.0,18069.0,4068.0,65.3,0,7.72,Clouds,1,2,0,0.0,0.0,0.0,0.0,0.0,0.0,0.0,0.0,0,0,0,0,40.62667331957081,-74.02992702335227
Bay Terrace-Clearview,2026-06-03 01:00:00,0.1172152077494228,0.0526250285755563,0.0,0.0,0.0,7.0,0.0,0.0,0.0,0.0,3.0,17.0,0.0,0.0,63.36,0,5.21,Clouds,1,2,0,0.0,0.0,0.0,0.0,0.0,0.0,0.0,0.0,0,0,0,0,40.78186136778686,-73.78757862756008
Bayside,2026-06-03 01:00:00,0.1544353988829441,0.1013852546815756,0.0,0.0,0.0,18.0,0.0,0.0,0.0,0.0,7.0,38.0,0.0,0.0,62.78,0,5.59,Clouds,1,2,0,0.0,0.0,0.0,0.0,0.0,0.0,0.0,0.0,0,0,0,0,40.76176345411475,-73.76759812805498
Bedford Park,2026-06-03 01:00:00,0.2529225336125624,0.0975216292686647,0.0,0.0002422132665524,0.003437253293103,75.0,0.0,0.0,0.0,0.0,24.0,67.0,10903.0,0.0,63.81,0,3.22,Clouds,1,2,0,0.0,0.0,0.0,0.0,0.0,0.0,0.0,0.0,10,"Elite Stars Dance Academy 2.0, Elite Dance Stars 3.0, Dance Theatre of Harlem","Arts & Theatre, Music, Sports",1,40.87356346720552,-73.89079074069824
Bedford-Stuyvesant (East),2026-06-03 01:00:00,0.2421730079292999,0.1540499330669283,0.1265209190742142,0.0002422132665524,0.0162800487530627,121.0,0.0,0.0,0.0,0.0,41.0,145.0,32235.0,8682.0,64.9,0,7.18,Clouds,1,2,0,0.0,0.0,0.0,0.0,0.0,0.0,0.0,0.0,10,"BrownstoneJAZZ FEST CONCERT SERIES, BrownstoneJAZZ  SUNDAY AFTER BRUNCH TRIO, BrownstoneJAZZ SUNDAY AFTER BRUNCH TRIO",Music,1,40.68662210171457,-73.93179256001915
Bedford-Stuyvesant (West),2026-06-03 01:00:00,0.4098834391969776,0.2368010783769554,0.2477020074900296,0.0001033601550465,0.002916028627163,148.0,1.0,0.0,0.0,0.0,50.0,152.0,32588.0,7736.0,64.99,0,7.18,Clouds,1,2,0,0.0,0.0,0.0,0.0,0.0,0.0,0.0,0.0,10,"BrownstoneJAZZ FEST CONCERT SERIES, BrownstoneJAZZ  SUNDAY AFTER BRUNCH TRIO, BrownstoneJAZZ SUNDAY AFTER BRUNCH TRIO",Music,1,40.68895769315227,-73.95100179887717
Bellerose,2026-06-03 01:00:00,0.1371379051636914,0.0901537125842639,0.0,0.0,0.0,19.0,0.0,0.0,0.0,0.0,5.0,23.0,0.0,0.0,62.08,0,5.79,Clear,1,2,0,0.0,0.0,0.0,0.0,0.0,0.0,0.0,0.0,0,0,0,0,40.73549314990035,-73.72669153658954
Belmont,2026-06-03 01:00:00,0.2876507547302553,0.2255437829971726,0.0025243885499344,0.0,0.0,68.0,0.0,0.0,0.0,0.0,22.0,47.0,0.0,6523.0,64.15,0,3.67,Clouds,1,2,0,0.0,0.0,0.0,0.0,1.0,0.0,0.0,1.0,6,"Fordham Rams Football vs. Colgate University Raiders Football, Fordham Rams Football vs. Stony Brook Seawolves Football, Fordham Rams Football vs. Richmond Spiders Football",Sports,1,40.85760744708011,-73.88705264166347
Bensonhurst,2026-06-03 01:00:00,0.3025860435462411,0.1341227364433004,0.0,0.0001033601550465,0.0010112670457775,52.0,0.0,0.0,0.0,0.0,43.0,122.0,17379.0,0.0,64.87,0,8.52,Clear,1,2,0,0.0,0.0,0.0,0.0,0.0,0.0,1.0,1.0,0,0,0,0,40.61326551279408,-73.99326541759743
Borough Park,2026-06-03 01:00:00,0.1706331537236651,0.1492350813196457,0.2114764678148425,0.0012584992275021,0.0015563650909736,37.0,0.0,0.0,0.0,0.0,0.0,50.0,9243.0,7529.0,64.89,0,8.12,Clear,1,2,0,0.0,0.0,0.0,0.0,0.0,0.0,0.0,0.0,0,0,0,0,40.63293617403295,-73.98954494812249
Breezy Point-Belle Harbor-Rockaway Park-Broad Channel,2026-06-03 01:00:00,0.290817879369352,0.2409199251542078,0.0,8.045574231535826e-05,0.0005358028758276,18.0,0.0,0.0,0.0,0.0,17.0,30.0,1070.0,0.0,64.47,0,8.86,Clear,1,2,0,0.0,0.0,0.0,0.0,0.0,0.0,0.0,0.0,0,0,0,0,40.57818721984005,-73.86053283604481
Brighton Beach,2026-06-03 01:00:00,0.215392103106363,0.091421889646489,0.0,8.045574231535826e-05,0.0005358028758276,36.0,0.0,0.0,0.0,0.0,12.0,38.0,10312.0,0.0,64.78,0,8.97,Clear,1,2,0,0.0,0.0,0.0,1.0,0.0,1.0,0.0,3.0,0,0,0,0,40.579075733549026,-73.96069396334677
Bronx Park,2026-06-03 01:00:00,0.1521279482215746,0.0558566910180063,0.0,0.0,0.0,9.0,0.0,0.0,0.0,0.0,0.0,3.0,0.0,0.0,64.26,0,3.67,Clouds,1,2,0,0.0,0.0,0.0,0.0,0.0,0.0,0.0,0.0,6,"Fordham Rams Football vs. Colgate University Raiders Football, Fordham Rams Football vs. Stony Brook Seawolves Football, Fordham Rams Football vs. Richmond Spiders Football",Sports,1,40.85783459507254,-73.87549827592643
Brooklyn Heights,2026-06-03 01:00:00,0.1414432117724555,0.075229999804543,0.0429324001596802,8.045574231535826e-05,0.0005358028758276,20.0,0.0,0.0,0.0,0.0,0.0,29.0,5486.0,2088.0,64.96,0,6.49,Clouds,1,2,0,0.0,0.0,0.0,0.0,0.0,0.0,0.0,0.0,10,"Trap Karaoke: Brooklyn, Turnpike Troubadours, Lunar Sway by Nick Butler","Music, Film",1,40.69546575527299,-73.99483017039945
Brooklyn Navy Yard,2026-06-03 01:00:00,0.1204785292647249,0.0539804152070421,0.0,0.0,0.0,2.0,0.0,0.0,0.0,0.0,3.0,3.0,0.0,0.0,65.12,0,6.49,Clouds,1,2,0,0.0,0.0,0.0,0.0,0.0,0.0,0.0,0.0,10,"Trap Karaoke: Brooklyn, Lunar Sway by Nick Butler, Junior Toots - Pressure Drop - A Tribute to Toots & The Maytals","Music, Film",1,40.701263639039446,-73.97166149534853
Brownsville,2026-06-03 01:00:00,0.2002938844230244,0.1082762324533377,0.0,0.0017097249916272,0.0193936396356625,150.0,0.0,0.0,0.0,0.0,23.0,65.0,18063.0,0.0,64.85,0,7.76,Clear,1,2,0,0.0,0.0,0.0,0.0,0.0,0.0,0.0,0.0,0,0,0,0,40.66404748186369,-73.90952233224384
East Flatbush-Erasmus,2026-06-03 01:00:00,0.234585026005915,0.1022614549596754,0.0,8.045574231535826e-05,0.0005663608602183,75.0,0.0,0.0,0.0,0.0,11.0,67.0,10378.0,0.0,64.89,0,7.72,Clear,1,2,0,0.0,0.0,0.0,0.0,0.0,0.0,0.0,0.0,10,"Kevin Langue, The Avett Brothers w/ Mike Patton, Jill Scott - To Whom This May Concern Tour","Arts & Theatre, Music, Undefined",1,40.648551749625604,-73.9501383490162
John F. Kennedy International Airport,2026-06-03 01:00:00,0.1414501746073601,0.0485774656444061,0.0,8.045574231535826e-05,0.0005358028758276,0.0,0.0,0.0,0.0,0.0,0.0,7.0,3209.0,0.0,62.89,0,7.34,Clear,1,2,0,0.0,0.0,0.0,0.0,0.0,0.0,0.0,0.0,0,0,0,0,40.64697636207674,-73.78657060137844
East Flatbush-Farragut,2026-06-03 01:00:00,0.1801835958397566,0.1031449300191588,0.0,8.045574231535826e-05,0.0005358028758276,48.0,0.0,0.0,0.0,0.0,2.0,32.0,5501.0,0.0,64.94,0,8.19,Clear,1,2,0,0.0,0.0,0.0,0.0,0.0,0.0,0.0,0.0,0,0,0,0,40.639146485367505,-73.93763682371525
East Flatbush-Rugby,2026-06-03 01:00:00,0.196902115778274,0.2048235356961329,0.0915892146496746,0.0,0.0,43.0,0.0,0.0,0.0,0.0,11.0,49.0,0.0,5865.0,64.9,0,7.72,Clear,1,2,0,0.0,0.0,0.0,0.0,0.0,0.0,0.0,0.0,0,0,0,0,40.651547410935976,-73.92975294141327
Grasmere-Arrochar-South Beach-Dongan Hills,2026-06-03 01:00:00,0.245019905432813,0.1776883245142474,0.0,0.0,0.0,36.0,0.0,0.0,0.0,0.0,17.0,56.0,0.0,0.0,64.31,0,7.76,Clouds,1,2,0,0.0,0.0,0.0,0.0,0.0,0.0,0.0,0.0,0,0,0,0,40.59354087290568,-74.0812732129795
Gravesend (East)-Homecrest,2026-06-03 01:00:00,0.1414657484008792,0.1069081578146379,0.0,8.045574231535826e-05,0.0005358028758276,37.0,0.0,0.0,0.0,0.0,3.0,58.0,2861.0,0.0,64.92,0,8.52,Clear,1,2,0,0.0,0.0,0.0,0.0,0.0,0.0,0.0,0.0,0,0,0,0,40.59908294084061,-73.96586901630528
Gravesend (South),2026-06-03 01:00:00,0.1335843664088572,0.0781671284274479,0.0,8.045574231535826e-05,0.0005358028758276,25.0,0.0,0.0,0.0,0.0,4.0,28.0,4215.0,0.0,64.85,0,8.86,Clear,1,2,0,0.0,0.0,0.0,0.0,0.0,0.0,0.0,0.0,10,"Brooklyn FC vs. Portland Hearts of Pine, Brooklyn Cyclones vs. Frederick Keys, Brooklyn FC vs. Tampa Bay Rowdies","Undefined, Sports",1,40.587978164152986,-73.97795999267433
Gravesend (West),2026-06-03 01:00:00,0.1991353989054322,0.1172316313974158,0.0,0.0003877999910367,0.0021587528841573,26.0,0.0,0.0,0.0,0.0,5.0,82.0,16182.0,0.0,64.9,0,8.52,Clear,1,2,0,0.0,0.0,0.0,0.0,0.0,0.0,0.0,0.0,0,0,0,0,40.599292977774226,-73.98573258146591
Great Kills-Eltingville,2026-06-03 01:00:00,0.1587958761034601,0.0951890578012967,0.0,0.0,0.0,31.0,0.0,0.0,0.0,0.0,5.0,43.0,0.0,0.0,63.23,0,7.34,Clouds,1,2,0,0.0,0.0,0.0,0.0,0.0,0.0,0.0,0.0,0,0,0,0,40.55025595216132,-74.15497114415784
Greenpoint,2026-06-03 01:00:00,0.1735000489656289,0.182434820122179,0.3206796986154833,8.045574231535826e-05,0.0005358028758276,23.0,0.0,0.0,0.0,0.0,18.0,97.0,17633.0,12338.0,65.16,0,6.02,Clouds,1,2,0,1.0,0.0,1.0,0.0,1.0,0.0,1.0,1.0,10,"Chris Lake, Tumua: Das' How Tour, VIP Bowling Lane Add On - Dustbowl Revival - Not a Concert Ticket","Music, Arts & Theatre, Miscellaneous",1,40.72950009145742,-73.94951677502294
Greenwich Village,2026-06-03 01:00:00,0.1831981140870823,0.1042618372213133,0.0,0.0069751372783525,0.0282508928118018,43.0,0.0,0.0,0.0,0.0,15.0,37.0,52636.0,0.0,65.39,0,5.79,Clouds,1,2,0,0.25,0.0,0.5,0.5,0.25,0.5,0.0,4.0,10,"GIRL INTERRUPED, KENREX: A True Crime Thriller, CALVIN LECOMPTE","Undefined, Music, Arts & Theatre",1,40.730681767674945,-73.9956830651709
Hamilton Heights-Sugar Hill,2026-06-03 01:00:00,0.3266698637377326,0.138583938845995,0.0,8.045574231535826e-05,0.0009945274905787,64.0,0.0,0.0,0.0,0.0,49.0,127.0,17931.0,0.0,64.94,0,3.89,Clouds,1,2,0,0.0,0.0,0.0,0.0,0.0,0.0,0.0,0.0,5,"Columbia Lions Football vs. Lafayette College Leopards Football, Columbia Lions Football vs. Princeton Tigers Football, Columbia Lions Football vs. Dartmouth Big Green Football",Sports,1,40.82702013928443,-73.94846494247058
Harlem (North),2026-06-03 01:00:00,0.4411168689337424,0.1472537822206045,0.2915460528645961,8.045574231535826e-05,0.0005358028758276,149.0,0.0,0.0,0.0,0.0,48.0,142.0,8668.0,18707.0,64.69,0,4.41,Clouds,1,2,0,0.0,0.0,0.0,0.0,0.0,0.0,0.0,0.0,10,"New York Yankees v. Boston Red Sox * Premium Seating *, New York Yankees vs. Boston Red Sox, Pinstripe Pass * New York Yankees v. Boston Red Sox",Sports,1,40.81892832327028,-73.9409074472163
Harlem (South),2026-06-03 01:00:00,0.2491672568762523,0.1268595176437236,0.1047233716559425,0.0004317303701407,0.0259216735718709,123.0,0.0,0.0,0.0,0.0,29.0,105.0,36078.0,5782.0,64.76,0,4.41,Clouds,1,2,0,0.0,0.0,0.0,0.0,0.0,0.0,0.0,0.0,6,"TEDxHarlem: A State of Mind					, Apollo Presents: A Visible Life, Apollo Works in Process: A Little Light					","Miscellaneous, Arts & Theatre, Sports",1,40.804332113097075,-73.95130037686552
Hell's Kitchen,2026-06-03 01:00:00,0.2662345585203443,0.1056305261962248,0.0,8.045574231535826e-05,0.0371001172567451,129.0,0.0,0.0,0.0,0.0,22.0,79.0,18728.0,0.0,64.98,0,5.37,Clouds,1,2,0,0.0,0.0,0.0,0.0,0.0,0.0,0.0,0.0,10,"Heathers: The Musical, Jamie Allan's Amaze, The 25th Annual Putnam County Spelling Bee","Arts & Theatre, Miscellaneous, Undefined",0,40.76416931190388,-73.99239985928301
Highbridge,2026-06-03 01:00:00,0.3103556601233214,0.1411620373322464,0.0,0.0,0.0,61.0,0.0,0.0,0.0,0.0,19.0,76.0,0.0,0.0,64.47,0,4.0,Clouds,1,2,0,0.0,0.0,0.0,0.0,0.0,0.0,0.0,0.0,10,"New York Yankees v. Boston Red Sox * Premium Seating *, New York Yankees vs. Boston Red Sox, Pinstripe Pass * New York Yankees v. Boston Red Sox","Sports, Arts & Theatre",1,40.836858503163164,-73.92776229631757
Gramercy,2026-06-03 01:00:00,0.1608019692577922,0.0924847259488984,0.0,0.0046819340553345,0.1175974986853801,41.0,0.0,0.0,0.0,0.0,7.0,67.0,21331.0,0.0,65.14,0,5.93,Clouds,1,2,0,0.0,0.0,0.0,0.0,0.0,0.0,0.0,0.0,10,"Austin Nasso, GIRL INTERRUPED, STEELY DAN Revue: KING OF THE WORLD Playing Steely Dan's Greatest Hits","Arts & Theatre, Undefined, Music",1,40.736824733767484,-73.98405358883721
Highbridge Park,2026-06-03 01:00:00,0.1426191747342809,0.0534352820878299,0.0,0.0,0.0,5.0,0.0,0.0,0.0,0.0,0.0,0.0,0.0,0.0,64.78,0,3.38,Clouds,1,2,0,0.0,0.0,0.0,0.0,0.0,0.0,0.0,0.0,7,"Elmo's Got the Moves, Myriam Hernandez - Tauro Usa Tour 2026, EL LAPIZ CONCIENTE","Arts & Theatre, Music",1,40.84660097510624,-73.93023044838188
Highland Park-Cypress Hills Cemeteries (South),2026-06-03 01:00:00,0.141464424213809,0.0522941813074403,0.0,0.0,0.0,5.0,0.0,0.0,0.0,0.0,1.0,2.0,0.0,0.0,64.58,0,7.18,Clear,1,2,0,0.0,0.0,0.0,0.0,0.0,0.0,0.0,0.0,0,0,0,0,40.689495151948066,-73.87770188682772
Hollis,2026-06-03 01:00:00,0.1676978943021344,0.1025394756508402,0.0,0.0,0.0,21.0,0.0,0.0,0.0,0.0,1.0,20.0,0.0,0.0,62.64,0,6.42,Clear,1,2,0,0.0,0.0,0.0,0.0,0.0,0.0,0.0,0.0,0,0,0,0,40.71186513794052,-73.76211302437532
Holy Cross Cemetery,2026-06-03 01:00:00,0.1415935879701409,0.0529271065611739,0.0,0.0,0.0,0.0,0.0,0.0,0.0,0.0,0.0,0.0,0.0,0.0,64.94,0,8.19,Clear,1,2,0,0.0,0.0,0.0,0.0,0.0,0.0,0.0,0.0,10,"Kevin Langue, The Avett Brothers w/ Mike Patton, Jill Scott - To Whom This May Concern Tour","Arts & Theatre, Music, Undefined",1,40.64698065787098,-73.9382530804924
Howard Beach-Lindenwood,2026-06-03 01:00:00,0.1345886544351025,0.1224558625105504,0.180793439268534,0.0,0.0,20.0,0.0,0.0,0.0,0.0,11.0,27.0,0.0,7745.0,64.45,0,7.63,Clear,1,2,0,0.0,0.0,0.0,0.0,0.0,0.0,0.0,0.0,0,0,0,0,40.66003740938891,-73.84404305771007
Hunts Point,2026-06-03 01:00:00,0.1625297768798007,0.099654411203431,0.0,0.0,0.0,54.0,0.0,0.0,0.0,0.0,4.0,30.0,0.0,0.0,64.6,0,4.61,Clouds,1,2,0,0.0,0.0,0.0,0.0,0.0,0.0,0.0,0.0,0,0,0,0,40.810863620637726,-73.88497795649475
Hutchinson Metro Center,2026-06-03 01:00:00,0.142738259339257,0.0522941813074403,0.0,0.0,0.0,6.0,0.0,0.0,0.0,0.0,0.0,2.0,0.0,0.0,63.66,0,3.8,Clouds,1,2,0,0.0,0.0,0.0,0.0,0.0,0.0,0.0,0.0,0,0,0,0,40.8494767710787,-73.83871550049084
Inwood,2026-06-03 01:00:00,0.2144083628096243,0.1023711826534433,0.0023497511427107,0.0001644507140461,0.0032607457030524,45.0,0.0,0.0,0.0,0.0,20.0,60.0,12596.0,659.0,64.29,0,3.51,Clouds,1,2,0,0.0,0.0,0.0,0.0,0.0,0.0,0.0,0.0,0,0,0,0,40.86604743214226,-73.91932398685421
Inwood Hill Park,2026-06-03 01:00:00,0.1404388374496688,0.0517860057807843,0.0,0.0,0.0,0.0,0.0,0.0,0.0,0.0,0.0,2.0,0.0,0.0,64.29,0,3.51,Clouds,1,2,0,0.0,0.0,0.0,0.0,0.0,0.0,0.0,0.0,0,0,0,0,40.87237805800742,-73.92434254209871
Jackson Heights,2026-06-03 01:00:00,0.2322427652898988,0.1805975254581789,0.262840227516764,0.0001033601550465,0.0010112670457775,87.0,0.0,0.0,0.0,0.0,27.0,97.0,28268.0,12609.0,64.67,0,5.59,Clouds,1,2,0,0.0,0.0,0.0,0.0,0.0,0.0,0.0,0.0,0,0,0,0,40.75551929156006,-73.88634492146382
Jacob Riis Park-Fort Tilden-Breezy Point Tip,2026-06-03 01:00:00,0.1415935879701409,0.0529271065611739,0.0,0.0,0.0,0.0,0.0,0.0,0.0,0.0,0.0,0.0,0.0,0.0,64.51,0,8.95,Clear,1,2,0,0.0,0.0,0.0,0.0,0.0,0.0,0.0,0.0,0,0,0,0,40.558582535048515,-73.90411954963749
Jamaica,2026-06-03 01:00:00,0.222411052299119,0.1775126489426809,0.0,0.0453433669457822,0.3134427905726182,195.0,0.0,0.0,0.0,0.0,17.0,70.0,45684.0,0.0,63.01,0,6.53,Clear,1,2,0,0.0,0.0,0.25,1.0,0.25,0.5,0.25,4.0,0,0,0,0,40.704021466817494,-73.79558131942005
Jamaica Estates-Holliswood,2026-06-03 01:00:00,0.1305046849825032,0.0744705481454625,0.0,0.0,0.0,16.0,0.0,0.0,0.0,0.0,3.0,26.0,0.0,0.0,62.47,0,5.97,Clear,1,2,0,0.0,0.0,0.0,0.0,0.0,0.0,0.0,0.0,4,"NYCFC II vs. Carolina Core FC, NYCFC II vs. Chattanooga FC, NYCFC II vs. Philadelphia Union II",Sports,1,40.72073243345947,-73.77760990285786
Highland Park-Cypress Hills Cemeteries (North),2026-06-03 01:00:00,0.1404388374496688,0.0517860057807843,0.0,0.0,0.0,0.0,0.0,0.0,0.0,0.0,0.0,2.0,0.0,0.0,64.38,0,7.18,Clear,1,2,0,0.0,0.0,0.0,0.0,0.0,0.0,0.0,0.0,0,0,0,0,40.693094939763135,-73.88549859344081
Glendale,2026-06-03 01:00:00,0.2893588613829722,0.2336383851085113,0.0,0.0,0.0,12.0,0.0,0.0,0.0,0.0,18.0,72.0,0.0,0.0,64.38,0,6.64,Clouds,1,2,0,0.0,0.0,0.0,0.0,0.0,0.0,0.0,0.0,0,0,0,0,40.70353749853839,-73.87574412683752
Glen Oaks-Floral Park-New Hyde Park,2026-06-03 01:00:00,0.1507970150112645,0.0588210859010925,0.0,0.0,0.0,13.0,0.0,0.0,0.0,0.0,1.0,15.0,0.0,0.0,61.86,0,5.41,Clear,1,2,0,0.0,0.0,0.0,0.0,0.0,0.0,0.0,0.0,0,0,0,0,40.74595264522406,-73.71096208931873
Freshkills Park (South),2026-06-03 01:00:00,0.1415935879701409,0.0529271065611739,0.0,0.0,0.0,0.0,0.0,0.0,0.0,0.0,0.0,1.0,0.0,0.0,63.37,0,6.11,Clouds,1,2,0,0.0,0.0,0.0,0.0,0.0,0.0,0.0,0.0,0,0,0,0,40.56807561763183,-74.1976008186957
East Flushing,2026-06-03 01:00:00,0.149070292515569,0.123387256046725,0.3837393708088124,0.0,0.0,26.0,0.0,0.0,0.0,0.0,0.0,21.0,0.0,6726.0,63.59,0,5.61,Clouds,1,2,0,0.0,0.0,0.0,0.0,0.0,0.0,0.0,0.0,0,0,0,0,40.75380355673762,-73.80806548601164
East Harlem (North),2026-06-03 01:00:00,0.2938569636849074,0.2011619914122952,0.0908122230224687,0.0099771662932085,0.1769177476183609,137.0,0.0,0.0,0.0,0.0,27.0,94.0,21506.0,1341.0,64.8,0,4.41,Clouds,1,2,0,0.0,0.0,0.0,0.0,0.0,0.0,0.0,0.0,10,"TEDxHarlem: A State of Mind					, NYCFC II vs. Chattanooga FC, Apollo Presents: A Visible Life","Miscellaneous, Sports, Arts & Theatre",1,40.80161321628587,-73.93743770934988
East Harlem (South),2026-06-03 01:00:00,0.24449175148882,0.1615774319454648,0.008402959996787,8.045574231535826e-05,0.0010250854749693,91.0,0.0,0.0,0.0,0.0,22.0,75.0,25872.0,478.0,64.92,0,4.94,Clouds,1,2,0,0.0,0.0,0.0,0.0,0.0,0.0,0.0,0.0,1,NJ/NY Gotham FC vs. Seattle Reign FC,Sports,1,40.79001012735327,-73.94575046765284
East Midtown-Turtle Bay,2026-06-03 01:00:00,0.2128802054930824,0.0813587882114294,0.0,0.0577867537927979,0.0524503133070414,42.0,0.0,0.0,0.0,0.0,4.0,45.0,138411.0,0.0,65.05,0,5.37,Clouds,1,2,0,0.0,0.0,0.0,0.0,0.0,0.0,0.0,0.0,10,"The Fear of 13, Maybe Happy Ending, The Town Hall Presents Kierra Sheard-Kelly: The Princess of Gospel","Arts & Theatre, Music",1,40.756133642167654,-73.96850295972062
East New York (North),2026-06-03 01:00:00,0.1849010216081905,0.1030305713941963,0.0,0.0004317303701407,0.0016308347228094,122.0,0.0,0.0,0.0,0.0,7.0,73.0,4941.0,0.0,64.67,0,7.18,Clear,1,2,0,0.0,0.0,0.0,0.0,0.0,0.0,0.0,0.0,0,0,0,0,40.67248490217417,-73.88948360296654
East New York-City Line,2026-06-03 01:00:00,0.2437883087515881,0.0952534311499943,0.010730467487044,8.045574231535826e-05,0.0005358028758276,69.0,0.0,0.0,0.0,0.0,13.0,59.0,11748.0,3689.0,64.56,0,7.18,Clear,1,2,0,0.0,0.0,0.0,0.0,0.0,0.0,0.0,0.0,0,0,0,0,40.670541482671624,-73.8660984119916
East New York-New Lots,2026-06-03 01:00:00,0.1938355036709646,0.1217949407350061,0.0501957828622973,8.045574231535826e-05,0.0005663608602183,106.0,0.0,0.0,0.0,0.0,14.0,81.0,7541.0,7231.0,64.76,0,7.7,Clear,1,2,0,0.0,0.0,0.0,0.0,0.0,0.0,0.0,0.0,0,0,0,0,40.65972834582524,-73.88804448164916
East Village,2026-06-03 01:00:00,0.2616478602192078,0.170969903522573,0.0,0.0063307149081176,0.0394031251397368,100.0,0.0,0.0,0.0,0.0,44.0,108.0,36740.0,0.0,65.14,0,5.93,Clouds,1,2,0,0.0,0.3333333333333333,1.0,0.6666666666666666,0.6666666666666666,0.6666666666666666,0.6666666666666666,3.0,10,"CALVIN LECOMPTE, GIRL INTERRUPED, Austin Nasso","Music, Undefined, Arts & Theatre",1,40.725960111787046,-73.98209078468713
East Williamsburg,2026-06-03 01:00:00,0.2572555168024854,0.2306614312769258,0.3100092402236727,8.045574231535826e-05,0.0039718965667529,73.0,0.0,0.0,0.0,0.0,22.0,82.0,31800.0,18414.0,65.05,0,6.6,Clouds,1,2,0,0.0,0.0,0.0,0.0,0.0,0.0,0.0,0.0,10,"Gov Ball After Dark - Hot Mulligan: Presented By NÜTRL, Deer Tick, Brooklyn Guitar Festival - Friday at Warsaw","Music, Miscellaneous",1,40.71330065158463,-73.93648750230255
Eastchester-Edenwald-Baychester,2026-06-03 01:00:00,0.2077959902817723,0.132697599951637,0.3116266486997228,8.045574231535826e-05,0.0005358028758276,75.0,0.0,0.0,0.0,0.0,14.0,46.0,4981.0,6884.0,63.39,0,3.4,Clouds,1,2,0,0.0,0.0,0.0,0.0,0.0,0.0,0.0,0.0,0,0,0,0,40.88154327236042,-73.83656888698422
Elmhurst,2026-06-03 01:00:00,0.29554933866422,0.1786639195102927,0.0,0.0391331666847201,0.2136251464380005,103.0,0.0,0.0,0.0,0.0,35.0,106.0,25921.0,0.0,64.69,0,5.59,Clouds,1,2,0,0.0,0.0,0.0,0.0,0.0,0.0,0.0,0.0,0,0,0,0,40.73940017683468,-73.87911139714866
Far Rockaway-Bayswater,2026-06-03 01:00:00,0.1969061118514732,0.1324797726730336,0.0,0.0001335871401219,0.0008784528356341,82.0,0.0,0.0,0.0,0.0,14.0,54.0,3693.0,0.0,62.49,0,7.74,Clear,1,2,0,0.0,0.0,0.0,0.0,0.0,0.0,0.0,0.0,0,0,0,0,40.601698783097035,-73.75655273696088
Ferry Point Park-St. Raymond Cemetery,2026-06-03 01:00:00,0.1229888794938715,0.0497669371109224,0.0,0.0,0.0,2.0,0.0,0.0,0.0,0.0,2.0,2.0,0.0,0.0,64.51,0,4.72,Clouds,1,2,0,0.0,0.0,0.0,0.0,0.0,0.0,0.0,0.0,0,0,0,0,40.816623732700656,-73.83258318886107
Financial District-Battery Park City,2026-06-03 01:00:00,0.1910081809816546,0.112211016525544,0.2676570733966071,0.077630888773079,0.0572881311586066,58.0,0.0,0.0,0.0,0.0,14.0,94.0,12592.0,7411.0,65.21,0,6.38,Clouds,1,2,0,0.0,0.0,0.0,0.0,0.0,0.0,0.0,0.0,10,"Turnpike Troubadours, The Banksy Museum New York!, Banksy Museum - Flexiticket","Music, Arts & Theatre, Miscellaneous",1,40.708080583347204,-74.0102243955477
Flatbush,2026-06-03 01:00:00,0.2696794094150969,0.1055979709943048,0.2814723118503671,0.0004317303701407,0.0016308347228094,76.0,0.0,0.0,0.0,0.0,31.0,85.0,13188.0,8780.0,64.96,0,7.72,Clear,1,2,0,0.0,0.0,0.0,1.0,1.0,0.0,0.0,1.0,10,"Kevin Langue, The Avett Brothers w/ Mike Patton, Jill Scott - To Whom This May Concern Tour","Arts & Theatre, Music, Undefined",1,40.64066822775991,-73.9563896274188
Flatbush (West)-Ditmas Park-Parkville,2026-06-03 01:00:00,0.2042924388175174,0.1286001762542521,0.0,0.0026300641991806,0.0023673449061772,30.0,0.0,0.0,0.0,0.0,11.0,84.0,14824.0,0.0,64.96,0,8.12,Clear,1,2,0,0.0,0.0,0.0,0.0,0.0,0.0,0.0,0.0,10,"Kevin Langue, The Avett Brothers w/ Mike Patton, Jill Scott - To Whom This May Concern Tour","Arts & Theatre, Music, Undefined",1,40.63652766524133,-73.96618972775504
Flatlands,2026-06-03 01:00:00,0.1739139889170529,0.0952941953647198,0.0,0.0,0.0,53.0,0.0,0.0,0.0,0.0,3.0,44.0,0.0,0.0,64.9,0,8.19,Clear,1,2,0,0.0,0.0,0.0,0.0,0.0,0.0,0.0,0.0,0,0,0,0,40.62627575839075,-73.93009706238179
Flushing Meadows-Corona Park,2026-06-03 01:00:00,0.2996771106226363,0.1748972520304766,0.2557733018073068,0.0102948282856658,0.0701395196780235,10.0,0.0,0.0,0.0,0.0,5.0,7.0,31537.0,10063.0,64.45,0,6.08,Clouds,1,2,0,0.0,0.0,0.0,0.0,0.0,0.0,0.0,0.0,10,"New York Mets vs. St. Louis Cardinals, New York Mets vs St. Louis Cardinals: Mets Soccer Jersey, NYNJ WC26 Queens Match Viewing: MEX V RSA","Sports, Music",1,40.74055152869226,-73.84077358760312
Flushing-Willets Point,2026-06-03 01:00:00,0.2672619813836093,0.1958542984190324,0.494052869472404,0.0119733400761549,0.1617871978085543,68.0,0.0,0.0,0.0,0.0,6.0,34.0,51678.0,10277.0,64.72,0,5.61,Clouds,1,2,0,0.0,0.0,0.0,0.0,0.0,0.0,0.0,0.0,6,"Noah Kahan: The Great Divide Tour , Fuerza Regida: This Is Our Dream Stadium Tour 2026, My Chemical Romance The Black Parade 2026","Music, Sports",1,40.76021376909823,-73.83158372035601
Fordham Heights,2026-06-03 01:00:00,0.2901880403745585,0.0776782519283368,0.0,8.045574231535826e-05,0.0005358028758276,71.0,0.0,0.0,0.0,0.0,26.0,70.0,12250.0,0.0,64.2,0,3.51,Clouds,1,2,0,0.0,0.0,0.0,0.0,0.0,0.0,0.0,0.0,6,"Fordham Rams Football vs. Colgate University Raiders Football, Fordham Rams Football vs. Stony Brook Seawolves Football, Fordham Rams Football vs. Richmond Spiders Football",Sports,1,40.858733222655715,-73.8991281067032
Forest Hills,2026-06-03 01:00:00,0.2348261198205214,0.1362407703510624,0.1901888692526784,0.0003877999910367,0.0021587528841573,48.0,0.0,0.0,0.0,0.0,22.0,87.0,16993.0,1480.0,64.47,0,6.08,Clouds,1,2,0,0.0,0.0,0.0,0.0,0.0,0.0,0.0,0.0,10,"21st Anniversary of ""I'm Wide Awake..."" and ""Digital Ash..."", Bright Eyes w/ Built To Spill, Dave Matthews Band","Music, Undefined",1,40.72145610083221,-73.84767786456175
Forest Park,2026-06-03 01:00:00,0.1404388374496688,0.0517860057807843,0.0,0.0,0.0,0.0,0.0,0.0,0.0,0.0,0.0,2.0,0.0,0.0,64.29,0,6.6,Clear,1,2,0,0.0,0.0,0.0,0.0,0.0,0.0,0.0,0.0,0,0,0,0,40.7020761728357,-73.853460328789
Fort Greene,2026-06-03 01:00:00,0.1739341084105126,0.1903264541160013,0.2800184894445418,0.0068154581405215,0.0459480429706818,43.0,0.0,0.0,0.0,0.0,10.0,41.0,17448.0,5789.0,65.01,0,6.49,Clouds,1,2,0,0.0,0.0,0.0,0.0,0.0,0.0,0.0,0.0,10,"Trap Karaoke: Brooklyn, Lunar Sway by Nick Butler, Carin Leon - De Sonora Para El Mundo Tour 2026","Music, Film, Miscellaneous",1,40.691169808847924,-73.97436136225458
Fort Hamilton,2026-06-03 01:00:00,0.1415935879701409,0.0529271065611739,0.0,0.0,0.0,0.0,0.0,0.0,0.0,0.0,0.0,1.0,0.0,0.0,64.78,0,8.37,Clear,1,2,0,0.0,0.0,0.0,1.0,1.0,0.0,1.0,1.0,0,0,0,0,40.60815363955855,-74.0277492302153
Fort Totten,2026-06-03 01:00:00,0.1415935879701409,0.0529271065611739,0.0,0.0,0.0,0.0,0.0,0.0,0.0,0.0,0.0,1.0,0.0,0.0,63.32,0,5.21,Clouds,1,2,0,0.0,0.0,0.0,0.0,0.0,0.0,0.0,0.0,0,0,0,0,40.79160710553049,-73.77671268965855
Fresh Meadows-Utopia,2026-06-03 01:00:00,0.1537448516957785,0.0575920876652919,0.0,0.0,0.0,14.0,0.0,0.0,0.0,0.0,1.0,15.0,0.0,0.0,63.05,0,5.97,Clear,1,2,0,0.0,0.0,0.0,0.0,0.0,0.0,0.0,0.0,4,"NYCFC II vs. Carolina Core FC, NYCFC II vs. Chattanooga FC, NYCFC II vs. Philadelphia Union II",Sports,1,40.7349259706951,-73.78624442190656
Freshkills Park (North),2026-06-03 01:00:00,0.1415935879701409,0.0534352820878299,0.0,0.0,0.0,4.0,0.0,0.0,0.0,0.0,0.0,0.0,0.0,0.0,63.36,0,6.31,Clouds,1,2,0,0.0,0.0,0.0,0.0,0.0,0.0,0.0,0.0,0,0,0,0,40.58285285812305,-74.17854034290741
East Flatbush-Remsen Village,2026-06-03 01:00:00,0.1755243954391592,0.1108999362218939,0.0904918198239814,0.0,0.0,51.0,0.0,0.0,0.0,0.0,7.0,31.0,0.0,2846.0,64.89,0,7.76,Clear,1,2,0,0.0,0.0,0.0,0.0,0.0,0.0,0.0,0.0,0,0,0,0,40.65621679987689,-73.91916967036771
Yankee Stadium-Macombs Dam Park,2026-06-03 01:00:00,0.1449372083460496,0.0591402774240549,0.0,0.0,0.0,12.0,0.0,0.0,0.0,0.0,0.0,2.0,0.0,0.0,64.45,0,4.0,Clouds,1,2,0,0.0,0.0,0.0,0.0,0.0,0.0,0.0,0.0,10,"New York Yankees v. Boston Red Sox * Premium Seating *, New York Yankees vs. Boston Red Sox, Pinstripe Pass * New York Yankees v. Boston Red Sox",Sports,1,40.82998285746172,-73.92639011801216
